product_name,category,platform,price,original_price,discount,rating,availability,product_url,scraped_date
Apple iPhone 16 (128 GB),Electronics,Amazon,75747.32,79900.0,5.2,4.1,In Stock,https://www.amazon.in/search?q=Apple+iPhone+16+(128+GB),2026-09-14
Apple iPhone 16 (128 GB),Electronics,Flipkart,67255.16,79900.0,15.8,4.4,In Stock,https://www.flipkart.com/search?q=Apple+iPhone+16+(128+GB),2026-09-25
Apple iPhone 16 (128 GB),Electronics,Croma,73490.63,79900.0,8.0,4.4,In Stock,https://www.croma.com/search?q=Apple+iPhone+16+(128+GB),2026-09-22
Apple iPhone 16 (128 GB),Electronics,Reliance Digital,62236.83,79900.0,22.1,4.3,In Stock,https://www.reliancedigital.in/search?q=Apple+iPhone+16+(128+GB),2026-09-21
Apple iPhone 16 (128 GB),Electronics,Tata CLiQ,74564.98,79900.0,6.7,4.7,In Stock,https://www.tatacliq.com/search?q=Apple+iPhone+16+(128+GB),2026-09-20
Apple iPhone 16 Plus (128 GB),Electronics,Amazon,83431.13,89900.0,7.2,4.6,In Stock,https://www.amazon.in/search?q=Apple+iPhone+16+Plus+(128+GB),2026-09-19
Apple iPhone 16 Plus (128 GB),Electronics,Flipkart,73777.81,89900.0,17.9,4.5,In Stock,https://www.flipkart.com/search?q=Apple+iPhone+16+Plus+(128+GB),2026-09-14
Apple iPhone 16 Plus (128 GB),Electronics,Croma,82444.01,89900.0,8.3,4.8,In Stock,https://www.croma.com/search?q=Apple+iPhone+16+Plus+(128+GB),2026-09-21
Apple iPhone 16 Plus (128 GB),Electronics,Reliance Digital,71005.34,89900.0,21.0,4.7,In Stock,https://www.reliancedigital.in/search?q=Apple+iPhone+16+Plus+(128+GB),2026-09-14
Apple iPhone 16 Plus (128 GB),Electronics,Tata CLiQ,75450.34,89900.0,16.1,4.7,Out of Stock,https://www.tatacliq.com/search?q=Apple+iPhone+16+Plus+(128+GB),2026-09-12
Apple iPhone 16 Pro (256 GB),Electronics,Amazon,123815.51,129900.0,4.7,4.1,In Stock,https://www.amazon.in/search?q=Apple+iPhone+16+Pro+(256+GB),2026-09-20
Apple iPhone 16 Pro (256 GB),Electronics,Flipkart,118964.13,129900.0,8.4,4.5,In Stock,https://www.flipkart.com/search?q=Apple+iPhone+16+Pro+(256+GB),2026-09-15
Apple iPhone 16 Pro (256 GB),Electronics,Croma,105319.29,129900.0,18.9,4.0,In Stock,https://www.croma.com/search?q=Apple+iPhone+16+Pro+(256+GB),2026-09-23
Apple iPhone 16 Pro (256 GB),Electronics,Reliance Digital,114038.88,129900.0,12.2,4.8,In Stock,https://www.reliancedigital.in/search?q=Apple+iPhone+16+Pro+(256+GB),2026-09-22
Apple iPhone 16 Pro (256 GB),Electronics,Tata CLiQ,100308.64,129900.0,22.8,4.7,In Stock,https://www.tatacliq.com/search?q=Apple+iPhone+16+Pro+(256+GB),2026-09-25
Apple iPhone 15 (128 GB),Electronics,Amazon,60429.58,69900.0,13.5,3.9,Limited Stock,https://www.amazon.in/search?q=Apple+iPhone+15+(128+GB),2026-09-16
Apple iPhone 15 (128 GB),Electronics,Flipkart,62088.4,69900.0,11.2,4.5,In Stock,https://www.flipkart.com/search?q=Apple+iPhone+15+(128+GB),2026-09-11
Apple iPhone 15 (128 GB),Electronics,Croma,63209.39,69900.0,9.6,4.0,In Stock,https://www.croma.com/search?q=Apple+iPhone+15+(128+GB),2026-09-17
Apple iPhone 15 (128 GB),Electronics,Reliance Digital,57663.71,69900.0,17.5,4.8,In Stock,https://www.reliancedigital.in/search?q=Apple+iPhone+15+(128+GB),2026-09-22
Apple iPhone 15 (128 GB),Electronics,Tata CLiQ,62732.97,69900.0,10.3,4.3,In Stock,https://www.tatacliq.com/search?q=Apple+iPhone+15+(128+GB),2026-09-12
Apple iPhone 15 Plus (128 GB),Electronics,Amazon,68236.86,79900.0,14.6,4.7,In Stock,https://www.amazon.in/search?q=Apple+iPhone+15+Plus+(128+GB),2026-09-24
Apple iPhone 15 Plus (128 GB),Electronics,Flipkart,68441.06,79900.0,14.3,4.3,In Stock,https://www.flipkart.com/search?q=Apple+iPhone+15+Plus+(128+GB),2026-09-17
Apple iPhone 15 Plus (128 GB),Electronics,Croma,73481.22,79900.0,8.0,4.6,In Stock,https://www.croma.com/search?q=Apple+iPhone+15+Plus+(128+GB),2026-09-17
Apple iPhone 15 Plus (128 GB),Electronics,Reliance Digital,61022.54,79900.0,23.6,4.2,In Stock,https://www.reliancedigital.in/search?q=Apple+iPhone+15+Plus+(128+GB),2026-09-23
Apple iPhone 15 Plus (128 GB),Electronics,Tata CLiQ,60847.9,79900.0,23.8,4.8,In Stock,https://www.tatacliq.com/search?q=Apple+iPhone+15+Plus+(128+GB),2026-09-17
Samsung Galaxy S24 Ultra 5G (256 GB),Electronics,Amazon,109896.68,129999.0,15.5,3.9,In Stock,https://www.amazon.in/search?q=Samsung+Galaxy+S24+Ultra+5G+(256+GB),2026-09-12
Samsung Galaxy S24 Ultra 5G (256 GB),Electronics,Flipkart,109362.76,129999.0,15.9,4.0,In Stock,https://www.flipkart.com/search?q=Samsung+Galaxy+S24+Ultra+5G+(256+GB),2026-09-17
Samsung Galaxy S24 Ultra 5G (256 GB),Electronics,Croma,95268.23,129999.0,26.7,4.8,In Stock,https://www.croma.com/search?q=Samsung+Galaxy+S24+Ultra+5G+(256+GB),2026-09-18
Samsung Galaxy S24 Ultra 5G (256 GB),Electronics,Reliance Digital,99866.07,129999.0,23.2,4.8,In Stock,https://www.reliancedigital.in/search?q=Samsung+Galaxy+S24+Ultra+5G+(256+GB),2026-09-21
Samsung Galaxy S24 Ultra 5G (256 GB),Electronics,Tata CLiQ,118929.98,129999.0,8.5,4.4,In Stock,https://www.tatacliq.com/search?q=Samsung+Galaxy+S24+Ultra+5G+(256+GB),2026-09-14
Samsung Galaxy S24+ 5G (256 GB),Electronics,Amazon,94684.85,99999.0,5.3,4.6,In Stock,https://www.amazon.in/search?q=Samsung+Galaxy+S24++5G+(256+GB),2026-09-23
Samsung Galaxy S24+ 5G (256 GB),Electronics,Flipkart,77263.5,99999.0,22.7,4.0,In Stock,https://www.flipkart.com/search?q=Samsung+Galaxy+S24++5G+(256+GB),2026-09-16
Samsung Galaxy S24+ 5G (256 GB),Electronics,Croma,90147.44,99999.0,9.9,4.4,In Stock,https://www.croma.com/search?q=Samsung+Galaxy+S24++5G+(256+GB),2026-09-22
Samsung Galaxy S24+ 5G (256 GB),Electronics,Reliance Digital,83954.57,99999.0,16.0,4.5,In Stock,https://www.reliancedigital.in/search?q=Samsung+Galaxy+S24++5G+(256+GB),2026-09-11
Samsung Galaxy S24+ 5G (256 GB),Electronics,Tata CLiQ,92491.11,99999.0,7.5,4.0,In Stock,https://www.tatacliq.com/search?q=Samsung+Galaxy+S24++5G+(256+GB),2026-09-16
Samsung Galaxy S24 5G (256 GB),Electronics,Amazon,67168.43,79999.0,16.0,3.8,In Stock,https://www.amazon.in/search?q=Samsung+Galaxy+S24+5G+(256+GB),2026-09-25
Samsung Galaxy S24 5G (256 GB),Electronics,Flipkart,64196.71,79999.0,19.8,4.7,In Stock,https://www.flipkart.com/search?q=Samsung+Galaxy+S24+5G+(256+GB),2026-09-22
Samsung Galaxy S24 5G (256 GB),Electronics,Croma,68318.6,79999.0,14.6,4.4,In Stock,https://www.croma.com/search?q=Samsung+Galaxy+S24+5G+(256+GB),2026-09-11
Samsung Galaxy S24 5G (256 GB),Electronics,Reliance Digital,66552.26,79999.0,16.8,4.7,In Stock,https://www.reliancedigital.in/search?q=Samsung+Galaxy+S24+5G+(256+GB),2026-09-22
Samsung Galaxy S24 5G (256 GB),Electronics,Tata CLiQ,67078.13,79999.0,16.2,4.2,In Stock,https://www.tatacliq.com/search?q=Samsung+Galaxy+S24+5G+(256+GB),2026-09-12
Samsung Galaxy S23 FE 5G (128 GB),Electronics,Amazon,40692.85,49999.0,18.6,4.9,In Stock,https://www.amazon.in/search?q=Samsung+Galaxy+S23+FE+5G+(128+GB),2026-09-19
Samsung Galaxy S23 FE 5G (128 GB),Electronics,Flipkart,39922.74,49999.0,20.2,3.9,In Stock,https://www.flipkart.com/search?q=Samsung+Galaxy+S23+FE+5G+(128+GB),2026-09-17
Samsung Galaxy S23 FE 5G (128 GB),Electronics,Croma,42908.79,49999.0,14.2,4.1,In Stock,https://www.croma.com/search?q=Samsung+Galaxy+S23+FE+5G+(128+GB),2026-09-11
Samsung Galaxy S23 FE 5G (128 GB),Electronics,Reliance Digital,39480.53,49999.0,21.0,4.7,In Stock,https://www.reliancedigital.in/search?q=Samsung+Galaxy+S23+FE+5G+(128+GB),2026-09-15
Samsung Galaxy S23 FE 5G (128 GB),Electronics,Tata CLiQ,37890.76,49999.0,24.2,4.9,Limited Stock,https://www.tatacliq.com/search?q=Samsung+Galaxy+S23+FE+5G+(128+GB),2026-09-12
Samsung Galaxy A55 5G (128 GB),Electronics,Amazon,35675.04,39999.0,10.8,4.3,In Stock,https://www.amazon.in/search?q=Samsung+Galaxy+A55+5G+(128+GB),2026-09-11
Samsung Galaxy A55 5G (128 GB),Electronics,Flipkart,36650.03,39999.0,8.4,4.9,In Stock,https://www.flipkart.com/search?q=Samsung+Galaxy+A55+5G+(128+GB),2026-09-13
Samsung Galaxy A55 5G (128 GB),Electronics,Croma,34746.88,39999.0,13.1,4.6,In Stock,https://www.croma.com/search?q=Samsung+Galaxy+A55+5G+(128+GB),2026-09-13
Samsung Galaxy A55 5G (128 GB),Electronics,Reliance Digital,31340.41,39999.0,21.6,4.0,In Stock,https://www.reliancedigital.in/search?q=Samsung+Galaxy+A55+5G+(128+GB),2026-09-25
Samsung Galaxy A55 5G (128 GB),Electronics,Tata CLiQ,33503.24,39999.0,16.2,4.6,In Stock,https://www.tatacliq.com/search?q=Samsung+Galaxy+A55+5G+(128+GB),2026-09-16
OnePlus 12 (256 GB),Electronics,Amazon,50522.63,64999.0,22.3,4.4,In Stock,https://www.amazon.in/search?q=OnePlus+12+(256+GB),2026-09-17
OnePlus 12 (256 GB),Electronics,Flipkart,61997.96,64999.0,4.6,4.5,In Stock,https://www.flipkart.com/search?q=OnePlus+12+(256+GB),2026-09-22
OnePlus 12 (256 GB),Electronics,Croma,49171.22,64999.0,24.4,4.4,In Stock,https://www.croma.com/search?q=OnePlus+12+(256+GB),2026-09-25
OnePlus 12 (256 GB),Electronics,Reliance Digital,54611.25,64999.0,16.0,4.4,In Stock,https://www.reliancedigital.in/search?q=OnePlus+12+(256+GB),2026-09-11
OnePlus 12 (256 GB),Electronics,Tata CLiQ,53820.25,64999.0,17.2,4.1,In Stock,https://www.tatacliq.com/search?q=OnePlus+12+(256+GB),2026-09-23
OnePlus 12R (128 GB),Electronics,Amazon,35655.75,39999.0,10.9,4.1,In Stock,https://www.amazon.in/search?q=OnePlus+12R+(128+GB),2026-09-24
OnePlus 12R (128 GB),Electronics,Flipkart,34811.22,39999.0,13.0,4.4,In Stock,https://www.flipkart.com/search?q=OnePlus+12R+(128+GB),2026-09-17
OnePlus 12R (128 GB),Electronics,Croma,36051.19,39999.0,9.9,4.8,Limited Stock,https://www.croma.com/search?q=OnePlus+12R+(128+GB),2026-09-11
OnePlus 12R (128 GB),Electronics,Reliance Digital,35430.65,39999.0,11.4,4.3,In Stock,https://www.reliancedigital.in/search?q=OnePlus+12R+(128+GB),2026-09-21
OnePlus 12R (128 GB),Electronics,Tata CLiQ,29878.03,39999.0,25.3,4.5,In Stock,https://www.tatacliq.com/search?q=OnePlus+12R+(128+GB),2026-09-12
OnePlus Nord 4 5G (256 GB),Electronics,Amazon,25439.55,32999.0,22.9,3.9,In Stock,https://www.amazon.in/search?q=OnePlus+Nord+4+5G+(256+GB),2026-09-21
OnePlus Nord 4 5G (256 GB),Electronics,Flipkart,31679.04,32999.0,4.0,4.4,In Stock,https://www.flipkart.com/search?q=OnePlus+Nord+4+5G+(256+GB),2026-09-16
OnePlus Nord 4 5G (256 GB),Electronics,Croma,29233.57,32999.0,11.4,4.6,In Stock,https://www.croma.com/search?q=OnePlus+Nord+4+5G+(256+GB),2026-09-17
OnePlus Nord 4 5G (256 GB),Electronics,Reliance Digital,24732.95,32999.0,25.0,4.7,In Stock,https://www.reliancedigital.in/search?q=OnePlus+Nord+4+5G+(256+GB),2026-09-19
OnePlus Nord 4 5G (256 GB),Electronics,Tata CLiQ,30514.68,32999.0,7.5,4.2,In Stock,https://www.tatacliq.com/search?q=OnePlus+Nord+4+5G+(256+GB),2026-09-21
OnePlus Nord CE4 (128 GB),Electronics,Amazon,22212.96,24999.0,11.1,4.6,In Stock,https://www.amazon.in/search?q=OnePlus+Nord+CE4+(128+GB),2026-09-24
OnePlus Nord CE4 (128 GB),Electronics,Flipkart,20364.6,24999.0,18.5,4.8,In Stock,https://www.flipkart.com/search?q=OnePlus+Nord+CE4+(128+GB),2026-09-12
OnePlus Nord CE4 (128 GB),Electronics,Croma,20900.02,24999.0,16.4,4.3,In Stock,https://www.croma.com/search?q=OnePlus+Nord+CE4+(128+GB),2026-09-20
OnePlus Nord CE4 (128 GB),Electronics,Reliance Digital,18769.91,24999.0,24.9,4.7,Limited Stock,https://www.reliancedigital.in/search?q=OnePlus+Nord+CE4+(128+GB),2026-09-22
OnePlus Nord CE4 (128 GB),Electronics,Tata CLiQ,20186.94,24999.0,19.2,4.2,In Stock,https://www.tatacliq.com/search?q=OnePlus+Nord+CE4+(128+GB),2026-09-12
Google Pixel 9 Pro (128 GB),Electronics,Amazon,92459.53,109999.0,15.9,4.0,Limited Stock,https://www.amazon.in/search?q=Google+Pixel+9+Pro+(128+GB),2026-09-12
Google Pixel 9 Pro (128 GB),Electronics,Flipkart,90957.9,109999.0,17.3,4.0,In Stock,https://www.flipkart.com/search?q=Google+Pixel+9+Pro+(128+GB),2026-09-23
Google Pixel 9 Pro (128 GB),Electronics,Croma,94789.95,109999.0,13.8,4.8,In Stock,https://www.croma.com/search?q=Google+Pixel+9+Pro+(128+GB),2026-09-12
Google Pixel 9 Pro (128 GB),Electronics,Reliance Digital,95546.64,109999.0,13.1,4.0,In Stock,https://www.reliancedigital.in/search?q=Google+Pixel+9+Pro+(128+GB),2026-09-19
Google Pixel 9 Pro (128 GB),Electronics,Tata CLiQ,83563.27,109999.0,24.0,4.0,In Stock,https://www.tatacliq.com/search?q=Google+Pixel+9+Pro+(128+GB),2026-09-18
Google Pixel 9 (128 GB),Electronics,Amazon,64271.98,79999.0,19.7,4.8,In Stock,https://www.amazon.in/search?q=Google+Pixel+9+(128+GB),2026-09-15
Google Pixel 9 (128 GB),Electronics,Flipkart,73574.37,79999.0,8.0,4.8,Out of Stock,https://www.flipkart.com/search?q=Google+Pixel+9+(128+GB),2026-09-21
Google Pixel 9 (128 GB),Electronics,Croma,67644.08,79999.0,15.4,4.5,In Stock,https://www.croma.com/search?q=Google+Pixel+9+(128+GB),2026-09-20
Google Pixel 9 (128 GB),Electronics,Reliance Digital,70796.7,79999.0,11.5,4.9,In Stock,https://www.reliancedigital.in/search?q=Google+Pixel+9+(128+GB),2026-09-21
Google Pixel 9 (128 GB),Electronics,Tata CLiQ,68300.98,79999.0,14.6,4.2,In Stock,https://www.tatacliq.com/search?q=Google+Pixel+9+(128+GB),2026-09-19
Google Pixel 8a (128 GB),Electronics,Amazon,45176.61,52999.0,14.8,4.2,In Stock,https://www.amazon.in/search?q=Google+Pixel+8a+(128+GB),2026-09-21
Google Pixel 8a (128 GB),Electronics,Flipkart,47994.26,52999.0,9.4,4.4,In Stock,https://www.flipkart.com/search?q=Google+Pixel+8a+(128+GB),2026-09-15
Google Pixel 8a (128 GB),Electronics,Croma,41373.06,52999.0,21.9,4.5,In Stock,https://www.croma.com/search?q=Google+Pixel+8a+(128+GB),2026-09-24
Google Pixel 8a (128 GB),Electronics,Reliance Digital,38339.59,52999.0,27.7,4.5,In Stock,https://www.reliancedigital.in/search?q=Google+Pixel+8a+(128+GB),2026-09-24
Google Pixel 8a (128 GB),Electronics,Tata CLiQ,46583.36,52999.0,12.1,4.1,In Stock,https://www.tatacliq.com/search?q=Google+Pixel+8a+(128+GB),2026-09-19
Xiaomi 14 (512 GB),Electronics,Amazon,58747.16,69999.0,16.1,4.0,In Stock,https://www.amazon.in/search?q=Xiaomi+14+(512+GB),2026-09-19
Xiaomi 14 (512 GB),Electronics,Flipkart,54639.33,69999.0,21.9,4.5,In Stock,https://www.flipkart.com/search?q=Xiaomi+14+(512+GB),2026-09-17
Xiaomi 14 (512 GB),Electronics,Croma,60376.85,69999.0,13.7,4.0,In Stock,https://www.croma.com/search?q=Xiaomi+14+(512+GB),2026-09-16
Xiaomi 14 (512 GB),Electronics,Reliance Digital,58047.87,69999.0,17.1,4.3,In Stock,https://www.reliancedigital.in/search?q=Xiaomi+14+(512+GB),2026-09-18
Xiaomi 14 (512 GB),Electronics,Tata CLiQ,52033.53,69999.0,25.7,4.6,In Stock,https://www.tatacliq.com/search?q=Xiaomi+14+(512+GB),2026-09-21
Redmi Note 13 Pro+ 5G (256 GB),Electronics,Amazon,26643.62,31999.0,16.7,4.2,In Stock,https://www.amazon.in/search?q=Redmi+Note+13+Pro++5G+(256+GB),2026-09-13
Redmi Note 13 Pro+ 5G (256 GB),Electronics,Flipkart,29476.6,31999.0,7.9,4.7,In Stock,https://www.flipkart.com/search?q=Redmi+Note+13+Pro++5G+(256+GB),2026-09-25
Redmi Note 13 Pro+ 5G (256 GB),Electronics,Croma,27446.52,31999.0,14.2,4.7,In Stock,https://www.croma.com/search?q=Redmi+Note+13+Pro++5G+(256+GB),2026-09-19
Redmi Note 13 Pro+ 5G (256 GB),Electronics,Reliance Digital,25457.09,31999.0,20.4,4.6,In Stock,https://www.reliancedigital.in/search?q=Redmi+Note+13+Pro++5G+(256+GB),2026-09-19
Redmi Note 13 Pro+ 5G (256 GB),Electronics,Tata CLiQ,26610.02,31999.0,16.8,3.8,In Stock,https://www.tatacliq.com/search?q=Redmi+Note+13+Pro++5G+(256+GB),2026-09-13
Redmi 13C 5G (128 GB),Electronics,Amazon,9419.73,11999.0,21.5,4.0,In Stock,https://www.amazon.in/search?q=Redmi+13C+5G+(128+GB),2026-09-14
Redmi 13C 5G (128 GB),Electronics,Flipkart,11507.74,11999.0,4.1,4.1,In Stock,https://www.flipkart.com/search?q=Redmi+13C+5G+(128+GB),2026-09-18
Redmi 13C 5G (128 GB),Electronics,Croma,10383.99,11999.0,13.5,4.4,In Stock,https://www.croma.com/search?q=Redmi+13C+5G+(128+GB),2026-09-20
Redmi 13C 5G (128 GB),Electronics,Reliance Digital,8749.82,11999.0,27.1,4.5,In Stock,https://www.reliancedigital.in/search?q=Redmi+13C+5G+(128+GB),2026-09-17
Redmi 13C 5G (128 GB),Electronics,Tata CLiQ,9266.73,11999.0,22.8,4.3,In Stock,https://www.tatacliq.com/search?q=Redmi+13C+5G+(128+GB),2026-09-12
Realme GT 6 (256 GB),Electronics,Amazon,37285.64,40999.0,9.1,4.1,In Stock,https://www.amazon.in/search?q=Realme+GT+6+(256+GB),2026-09-13
Realme GT 6 (256 GB),Electronics,Flipkart,35226.21,40999.0,14.1,4.1,In Stock,https://www.flipkart.com/search?q=Realme+GT+6+(256+GB),2026-09-14
Realme GT 6 (256 GB),Electronics,Croma,36750.3,40999.0,10.4,4.2,In Stock,https://www.croma.com/search?q=Realme+GT+6+(256+GB),2026-09-23
Realme GT 6 (256 GB),Electronics,Reliance Digital,35704.04,40999.0,12.9,4.0,In Stock,https://www.reliancedigital.in/search?q=Realme+GT+6+(256+GB),2026-09-19
Realme GT 6 (256 GB),Electronics,Tata CLiQ,34689.16,40999.0,15.4,4.3,In Stock,https://www.tatacliq.com/search?q=Realme+GT+6+(256+GB),2026-09-19
Realme 12 Pro+ 5G (256 GB),Electronics,Amazon,24346.2,29999.0,18.8,4.8,In Stock,https://www.amazon.in/search?q=Realme+12+Pro++5G+(256+GB),2026-09-11
Realme 12 Pro+ 5G (256 GB),Electronics,Flipkart,26418.44,29999.0,11.9,3.8,In Stock,https://www.flipkart.com/search?q=Realme+12+Pro++5G+(256+GB),2026-09-13
Realme 12 Pro+ 5G (256 GB),Electronics,Croma,23014.4,29999.0,23.3,4.7,In Stock,https://www.croma.com/search?q=Realme+12+Pro++5G+(256+GB),2026-09-14
Realme 12 Pro+ 5G (256 GB),Electronics,Reliance Digital,24210.48,29999.0,19.3,4.0,In Stock,https://www.reliancedigital.in/search?q=Realme+12+Pro++5G+(256+GB),2026-09-19
Realme 12 Pro+ 5G (256 GB),Electronics,Tata CLiQ,26187.52,29999.0,12.7,4.5,In Stock,https://www.tatacliq.com/search?q=Realme+12+Pro++5G+(256+GB),2026-09-14
Motorola Edge 50 Pro (256 GB),Electronics,Amazon,31796.83,35999.0,11.7,3.9,In Stock,https://www.amazon.in/search?q=Motorola+Edge+50+Pro+(256+GB),2026-09-25
Motorola Edge 50 Pro (256 GB),Electronics,Flipkart,29925.07,35999.0,16.9,4.5,In Stock,https://www.flipkart.com/search?q=Motorola+Edge+50+Pro+(256+GB),2026-09-19
Motorola Edge 50 Pro (256 GB),Electronics,Croma,31170.65,35999.0,13.4,3.9,In Stock,https://www.croma.com/search?q=Motorola+Edge+50+Pro+(256+GB),2026-09-22
Motorola Edge 50 Pro (256 GB),Electronics,Reliance Digital,31130.67,35999.0,13.5,4.8,In Stock,https://www.reliancedigital.in/search?q=Motorola+Edge+50+Pro+(256+GB),2026-09-12
Motorola Edge 50 Pro (256 GB),Electronics,Tata CLiQ,28329.04,35999.0,21.3,4.3,In Stock,https://www.tatacliq.com/search?q=Motorola+Edge+50+Pro+(256+GB),2026-09-25
Motorola Edge 50 Fusion (128 GB),Electronics,Amazon,19894.42,22999.0,13.5,4.5,In Stock,https://www.amazon.in/search?q=Motorola+Edge+50+Fusion+(128+GB),2026-09-15
Motorola Edge 50 Fusion (128 GB),Electronics,Flipkart,22079.04,22999.0,4.0,4.1,In Stock,https://www.flipkart.com/search?q=Motorola+Edge+50+Fusion+(128+GB),2026-09-16
Motorola Edge 50 Fusion (128 GB),Electronics,Croma,21438.21,22999.0,6.8,4.5,In Stock,https://www.croma.com/search?q=Motorola+Edge+50+Fusion+(128+GB),2026-09-22
Motorola Edge 50 Fusion (128 GB),Electronics,Reliance Digital,20250.61,22999.0,12.0,4.2,In Stock,https://www.reliancedigital.in/search?q=Motorola+Edge+50+Fusion+(128+GB),2026-09-14
Motorola Edge 50 Fusion (128 GB),Electronics,Tata CLiQ,18020.26,22999.0,21.6,4.0,In Stock,https://www.tatacliq.com/search?q=Motorola+Edge+50+Fusion+(128+GB),2026-09-16
"Apple MacBook Air M3 (13-inch, 256 GB)",Electronics,Amazon,105860.2,114900.0,7.9,4.5,Out of Stock,"https://www.amazon.in/search?q=Apple+MacBook+Air+M3+(13-inch,+256+GB)",2026-09-19
"Apple MacBook Air M3 (13-inch, 256 GB)",Electronics,Flipkart,104359.13,114900.0,9.2,4.5,In Stock,"https://www.flipkart.com/search?q=Apple+MacBook+Air+M3+(13-inch,+256+GB)",2026-09-22
"Apple MacBook Air M3 (13-inch, 256 GB)",Electronics,Croma,92541.47,114900.0,19.5,4.7,In Stock,"https://www.croma.com/search?q=Apple+MacBook+Air+M3+(13-inch,+256+GB)",2026-09-24
"Apple MacBook Air M3 (13-inch, 256 GB)",Electronics,Reliance Digital,92150.04,114900.0,19.8,3.8,In Stock,"https://www.reliancedigital.in/search?q=Apple+MacBook+Air+M3+(13-inch,+256+GB)",2026-09-15
"Apple MacBook Air M3 (13-inch, 256 GB)",Electronics,Tata CLiQ,98271.59,114900.0,14.5,4.2,In Stock,"https://www.tatacliq.com/search?q=Apple+MacBook+Air+M3+(13-inch,+256+GB)",2026-09-12
"Apple MacBook Air M2 (13-inch, 256 GB)",Electronics,Amazon,87291.14,99900.0,12.6,4.2,Limited Stock,"https://www.amazon.in/search?q=Apple+MacBook+Air+M2+(13-inch,+256+GB)",2026-09-18
"Apple MacBook Air M2 (13-inch, 256 GB)",Electronics,Flipkart,87166.46,99900.0,12.7,4.6,Out of Stock,"https://www.flipkart.com/search?q=Apple+MacBook+Air+M2+(13-inch,+256+GB)",2026-09-21
"Apple MacBook Air M2 (13-inch, 256 GB)",Electronics,Croma,74953.06,99900.0,25.0,4.7,In Stock,"https://www.croma.com/search?q=Apple+MacBook+Air+M2+(13-inch,+256+GB)",2026-09-12
"Apple MacBook Air M2 (13-inch, 256 GB)",Electronics,Reliance Digital,86390.48,99900.0,13.5,4.7,In Stock,"https://www.reliancedigital.in/search?q=Apple+MacBook+Air+M2+(13-inch,+256+GB)",2026-09-24
"Apple MacBook Air M2 (13-inch, 256 GB)",Electronics,Tata CLiQ,87002.23,99900.0,12.9,4.6,In Stock,"https://www.tatacliq.com/search?q=Apple+MacBook+Air+M2+(13-inch,+256+GB)",2026-09-15
Apple MacBook Pro 14-inch M3 (512 GB),Electronics,Amazon,163104.0,169900.0,4.0,4.7,In Stock,https://www.amazon.in/search?q=Apple+MacBook+Pro+14-inch+M3+(512+GB),2026-09-22
Apple MacBook Pro 14-inch M3 (512 GB),Electronics,Flipkart,157257.45,169900.0,7.4,4.1,In Stock,https://www.flipkart.com/search?q=Apple+MacBook+Pro+14-inch+M3+(512+GB),2026-09-11
Apple MacBook Pro 14-inch M3 (512 GB),Electronics,Croma,161261.66,169900.0,5.1,4.8,In Stock,https://www.croma.com/search?q=Apple+MacBook+Pro+14-inch+M3+(512+GB),2026-09-14
Apple MacBook Pro 14-inch M3 (512 GB),Electronics,Reliance Digital,139937.01,169900.0,17.6,4.1,In Stock,https://www.reliancedigital.in/search?q=Apple+MacBook+Pro+14-inch+M3+(512+GB),2026-09-14
Apple MacBook Pro 14-inch M3 (512 GB),Electronics,Tata CLiQ,134539.11,169900.0,20.8,3.9,In Stock,https://www.tatacliq.com/search?q=Apple+MacBook+Pro+14-inch+M3+(512+GB),2026-09-14
Dell XPS 13 Intel Core Ultra 7,Electronics,Amazon,117597.58,139990.0,16.0,4.2,In Stock,https://www.amazon.in/search?q=Dell+XPS+13+Intel+Core+Ultra+7,2026-09-20
Dell XPS 13 Intel Core Ultra 7,Electronics,Flipkart,115427.04,139990.0,17.5,4.2,In Stock,https://www.flipkart.com/search?q=Dell+XPS+13+Intel+Core+Ultra+7,2026-09-21
Dell XPS 13 Intel Core Ultra 7,Electronics,Croma,126489.54,139990.0,9.6,4.6,In Stock,https://www.croma.com/search?q=Dell+XPS+13+Intel+Core+Ultra+7,2026-09-14
Dell XPS 13 Intel Core Ultra 7,Electronics,Reliance Digital,108599.89,139990.0,22.4,4.0,In Stock,https://www.reliancedigital.in/search?q=Dell+XPS+13+Intel+Core+Ultra+7,2026-09-18
Dell XPS 13 Intel Core Ultra 7,Electronics,Tata CLiQ,118047.64,139990.0,15.7,4.6,In Stock,https://www.tatacliq.com/search?q=Dell+XPS+13+Intel+Core+Ultra+7,2026-09-24
Dell Inspiron 15 Intel Core i5,Electronics,Amazon,48617.72,54990.0,11.6,4.2,In Stock,https://www.amazon.in/search?q=Dell+Inspiron+15+Intel+Core+i5,2026-09-14
Dell Inspiron 15 Intel Core i5,Electronics,Flipkart,50229.57,54990.0,8.7,4.9,In Stock,https://www.flipkart.com/search?q=Dell+Inspiron+15+Intel+Core+i5,2026-09-14
Dell Inspiron 15 Intel Core i5,Electronics,Croma,43454.29,54990.0,21.0,4.6,In Stock,https://www.croma.com/search?q=Dell+Inspiron+15+Intel+Core+i5,2026-09-25
Dell Inspiron 15 Intel Core i5,Electronics,Reliance Digital,45774.63,54990.0,16.8,4.3,In Stock,https://www.reliancedigital.in/search?q=Dell+Inspiron+15+Intel+Core+i5,2026-09-25
Dell Inspiron 15 Intel Core i5,Electronics,Tata CLiQ,43443.83,54990.0,21.0,3.9,In Stock,https://www.tatacliq.com/search?q=Dell+Inspiron+15+Intel+Core+i5,2026-09-18
HP Pavilion 15 AMD Ryzen 7,Electronics,Amazon,58159.1,67990.0,14.5,3.9,In Stock,https://www.amazon.in/search?q=HP+Pavilion+15+AMD+Ryzen+7,2026-09-16
HP Pavilion 15 AMD Ryzen 7,Electronics,Flipkart,63265.21,67990.0,6.9,4.1,In Stock,https://www.flipkart.com/search?q=HP+Pavilion+15+AMD+Ryzen+7,2026-09-19
HP Pavilion 15 AMD Ryzen 7,Electronics,Croma,52796.68,67990.0,22.3,4.0,In Stock,https://www.croma.com/search?q=HP+Pavilion+15+AMD+Ryzen+7,2026-09-18
HP Pavilion 15 AMD Ryzen 7,Electronics,Reliance Digital,57798.58,67990.0,15.0,4.4,In Stock,https://www.reliancedigital.in/search?q=HP+Pavilion+15+AMD+Ryzen+7,2026-09-16
HP Pavilion 15 AMD Ryzen 7,Electronics,Tata CLiQ,55889.31,67990.0,17.8,4.6,Limited Stock,https://www.tatacliq.com/search?q=HP+Pavilion+15+AMD+Ryzen+7,2026-09-22
HP Victus Gaming Laptop AMD Ryzen 5,Electronics,Amazon,56741.08,62990.0,9.9,3.9,In Stock,https://www.amazon.in/search?q=HP+Victus+Gaming+Laptop+AMD+Ryzen+5,2026-09-17
HP Victus Gaming Laptop AMD Ryzen 5,Electronics,Flipkart,60470.4,62990.0,4.0,4.3,In Stock,https://www.flipkart.com/search?q=HP+Victus+Gaming+Laptop+AMD+Ryzen+5,2026-09-21
HP Victus Gaming Laptop AMD Ryzen 5,Electronics,Croma,57053.01,62990.0,9.4,4.1,In Stock,https://www.croma.com/search?q=HP+Victus+Gaming+Laptop+AMD+Ryzen+5,2026-09-24
HP Victus Gaming Laptop AMD Ryzen 5,Electronics,Reliance Digital,46351.1,62990.0,26.4,4.7,In Stock,https://www.reliancedigital.in/search?q=HP+Victus+Gaming+Laptop+AMD+Ryzen+5,2026-09-15
HP Victus Gaming Laptop AMD Ryzen 5,Electronics,Tata CLiQ,56391.22,62990.0,10.5,3.9,In Stock,https://www.tatacliq.com/search?q=HP+Victus+Gaming+Laptop+AMD+Ryzen+5,2026-09-23
Lenovo ThinkPad E14 Gen 5,Electronics,Amazon,48770.21,62990.0,22.6,3.9,In Stock,https://www.amazon.in/search?q=Lenovo+ThinkPad+E14+Gen+5,2026-09-21
Lenovo ThinkPad E14 Gen 5,Electronics,Flipkart,50417.18,62990.0,20.0,4.8,In Stock,https://www.flipkart.com/search?q=Lenovo+ThinkPad+E14+Gen+5,2026-09-18
Lenovo ThinkPad E14 Gen 5,Electronics,Croma,49801.11,62990.0,20.9,4.8,In Stock,https://www.croma.com/search?q=Lenovo+ThinkPad+E14+Gen+5,2026-09-18
Lenovo ThinkPad E14 Gen 5,Electronics,Reliance Digital,51242.66,62990.0,18.6,4.8,In Stock,https://www.reliancedigital.in/search?q=Lenovo+ThinkPad+E14+Gen+5,2026-09-16
Lenovo ThinkPad E14 Gen 5,Electronics,Tata CLiQ,59476.18,62990.0,5.6,4.9,In Stock,https://www.tatacliq.com/search?q=Lenovo+ThinkPad+E14+Gen+5,2026-09-16
Lenovo IdeaPad Slim 3 Intel Core i5,Electronics,Amazon,46613.73,48990.0,4.9,4.6,In Stock,https://www.amazon.in/search?q=Lenovo+IdeaPad+Slim+3+Intel+Core+i5,2026-09-16
Lenovo IdeaPad Slim 3 Intel Core i5,Electronics,Flipkart,41236.58,48990.0,15.8,4.3,In Stock,https://www.flipkart.com/search?q=Lenovo+IdeaPad+Slim+3+Intel+Core+i5,2026-09-11
Lenovo IdeaPad Slim 3 Intel Core i5,Electronics,Croma,36825.93,48990.0,24.8,4.3,In Stock,https://www.croma.com/search?q=Lenovo+IdeaPad+Slim+3+Intel+Core+i5,2026-09-24
Lenovo IdeaPad Slim 3 Intel Core i5,Electronics,Reliance Digital,41633.16,48990.0,15.0,4.2,In Stock,https://www.reliancedigital.in/search?q=Lenovo+IdeaPad+Slim+3+Intel+Core+i5,2026-09-23
Lenovo IdeaPad Slim 3 Intel Core i5,Electronics,Tata CLiQ,40160.78,48990.0,18.0,4.1,Limited Stock,https://www.tatacliq.com/search?q=Lenovo+IdeaPad+Slim+3+Intel+Core+i5,2026-09-12
ASUS ROG Zephyrus G14 Gaming Laptop,Electronics,Amazon,140935.94,149990.0,6.0,3.9,In Stock,https://www.amazon.in/search?q=ASUS+ROG+Zephyrus+G14+Gaming+Laptop,2026-09-24
ASUS ROG Zephyrus G14 Gaming Laptop,Electronics,Flipkart,129839.71,149990.0,13.4,4.4,Out of Stock,https://www.flipkart.com/search?q=ASUS+ROG+Zephyrus+G14+Gaming+Laptop,2026-09-15
ASUS ROG Zephyrus G14 Gaming Laptop,Electronics,Croma,124362.16,149990.0,17.1,3.9,In Stock,https://www.croma.com/search?q=ASUS+ROG+Zephyrus+G14+Gaming+Laptop,2026-09-16
ASUS ROG Zephyrus G14 Gaming Laptop,Electronics,Reliance Digital,118806.49,149990.0,20.8,4.6,In Stock,https://www.reliancedigital.in/search?q=ASUS+ROG+Zephyrus+G14+Gaming+Laptop,2026-09-17
ASUS ROG Zephyrus G14 Gaming Laptop,Electronics,Tata CLiQ,136617.42,149990.0,8.9,4.8,In Stock,https://www.tatacliq.com/search?q=ASUS+ROG+Zephyrus+G14+Gaming+Laptop,2026-09-25
ASUS TUF Gaming F15 Intel Core i5,Electronics,Amazon,48051.39,58990.0,18.5,4.1,In Stock,https://www.amazon.in/search?q=ASUS+TUF+Gaming+F15+Intel+Core+i5,2026-09-17
ASUS TUF Gaming F15 Intel Core i5,Electronics,Flipkart,53841.24,58990.0,8.7,4.0,In Stock,https://www.flipkart.com/search?q=ASUS+TUF+Gaming+F15+Intel+Core+i5,2026-09-24
ASUS TUF Gaming F15 Intel Core i5,Electronics,Croma,54178.44,58990.0,8.2,4.7,In Stock,https://www.croma.com/search?q=ASUS+TUF+Gaming+F15+Intel+Core+i5,2026-09-14
ASUS TUF Gaming F15 Intel Core i5,Electronics,Reliance Digital,47152.16,58990.0,20.1,4.3,In Stock,https://www.reliancedigital.in/search?q=ASUS+TUF+Gaming+F15+Intel+Core+i5,2026-09-18
ASUS TUF Gaming F15 Intel Core i5,Electronics,Tata CLiQ,50292.54,58990.0,14.7,4.2,Limited Stock,https://www.tatacliq.com/search?q=ASUS+TUF+Gaming+F15+Intel+Core+i5,2026-09-17
Acer Swift Go 14 OLED,Electronics,Amazon,55213.82,59990.0,8.0,3.9,In Stock,https://www.amazon.in/search?q=Acer+Swift+Go+14+OLED,2026-09-12
Acer Swift Go 14 OLED,Electronics,Flipkart,47236.32,59990.0,21.3,4.4,In Stock,https://www.flipkart.com/search?q=Acer+Swift+Go+14+OLED,2026-09-21
Acer Swift Go 14 OLED,Electronics,Croma,45664.52,59990.0,23.9,4.4,In Stock,https://www.croma.com/search?q=Acer+Swift+Go+14+OLED,2026-09-12
Acer Swift Go 14 OLED,Electronics,Reliance Digital,50382.85,59990.0,16.0,4.2,In Stock,https://www.reliancedigital.in/search?q=Acer+Swift+Go+14+OLED,2026-09-17
Acer Swift Go 14 OLED,Electronics,Tata CLiQ,46166.45,59990.0,23.0,4.8,Out of Stock,https://www.tatacliq.com/search?q=Acer+Swift+Go+14+OLED,2026-09-22
Apple iPad Air 11-inch M2 (128 GB),Electronics,Amazon,54490.89,59900.0,9.0,4.7,In Stock,https://www.amazon.in/search?q=Apple+iPad+Air+11-inch+M2+(128+GB),2026-09-14
Apple iPad Air 11-inch M2 (128 GB),Electronics,Flipkart,47241.04,59900.0,21.1,4.2,Out of Stock,https://www.flipkart.com/search?q=Apple+iPad+Air+11-inch+M2+(128+GB),2026-09-13
Apple iPad Air 11-inch M2 (128 GB),Electronics,Croma,43595.16,59900.0,27.2,4.3,In Stock,https://www.croma.com/search?q=Apple+iPad+Air+11-inch+M2+(128+GB),2026-09-17
Apple iPad Air 11-inch M2 (128 GB),Electronics,Reliance Digital,50335.97,59900.0,16.0,3.9,In Stock,https://www.reliancedigital.in/search?q=Apple+iPad+Air+11-inch+M2+(128+GB),2026-09-24
Apple iPad Air 11-inch M2 (128 GB),Electronics,Tata CLiQ,51353.28,59900.0,14.3,4.6,In Stock,https://www.tatacliq.com/search?q=Apple+iPad+Air+11-inch+M2+(128+GB),2026-09-15
Apple iPad 10th Gen (64 GB),Electronics,Amazon,32161.62,34900.0,7.8,4.7,In Stock,https://www.amazon.in/search?q=Apple+iPad+10th+Gen+(64+GB),2026-09-16
Apple iPad 10th Gen (64 GB),Electronics,Flipkart,28980.87,34900.0,17.0,4.7,In Stock,https://www.flipkart.com/search?q=Apple+iPad+10th+Gen+(64+GB),2026-09-12
Apple iPad 10th Gen (64 GB),Electronics,Croma,26087.43,34900.0,25.3,4.5,Limited Stock,https://www.croma.com/search?q=Apple+iPad+10th+Gen+(64+GB),2026-09-18
Apple iPad 10th Gen (64 GB),Electronics,Reliance Digital,31556.62,34900.0,9.6,3.9,In Stock,https://www.reliancedigital.in/search?q=Apple+iPad+10th+Gen+(64+GB),2026-09-11
Apple iPad 10th Gen (64 GB),Electronics,Tata CLiQ,31938.17,34900.0,8.5,3.9,Out of Stock,https://www.tatacliq.com/search?q=Apple+iPad+10th+Gen+(64+GB),2026-09-13
Apple iPad Pro 11-inch M4 (256 GB),Electronics,Amazon,77801.8,99900.0,22.1,4.3,In Stock,https://www.amazon.in/search?q=Apple+iPad+Pro+11-inch+M4+(256+GB),2026-09-11
Apple iPad Pro 11-inch M4 (256 GB),Electronics,Flipkart,92774.9,99900.0,7.1,3.9,In Stock,https://www.flipkart.com/search?q=Apple+iPad+Pro+11-inch+M4+(256+GB),2026-09-19
Apple iPad Pro 11-inch M4 (256 GB),Electronics,Croma,85063.68,99900.0,14.9,4.4,In Stock,https://www.croma.com/search?q=Apple+iPad+Pro+11-inch+M4+(256+GB),2026-09-23
Apple iPad Pro 11-inch M4 (256 GB),Electronics,Reliance Digital,82352.38,99900.0,17.6,4.2,In Stock,https://www.reliancedigital.in/search?q=Apple+iPad+Pro+11-inch+M4+(256+GB),2026-09-18
Apple iPad Pro 11-inch M4 (256 GB),Electronics,Tata CLiQ,89983.43,99900.0,9.9,4.3,In Stock,https://www.tatacliq.com/search?q=Apple+iPad+Pro+11-inch+M4+(256+GB),2026-09-21
Samsung Galaxy Tab S9 FE (128 GB),Electronics,Amazon,28558.65,36999.0,22.8,4.3,In Stock,https://www.amazon.in/search?q=Samsung+Galaxy+Tab+S9+FE+(128+GB),2026-09-17
Samsung Galaxy Tab S9 FE (128 GB),Electronics,Flipkart,33253.05,36999.0,10.1,4.2,In Stock,https://www.flipkart.com/search?q=Samsung+Galaxy+Tab+S9+FE+(128+GB),2026-09-15
Samsung Galaxy Tab S9 FE (128 GB),Electronics,Croma,28816.15,36999.0,22.1,4.3,In Stock,https://www.croma.com/search?q=Samsung+Galaxy+Tab+S9+FE+(128+GB),2026-09-19
Samsung Galaxy Tab S9 FE (128 GB),Electronics,Reliance Digital,32966.2,36999.0,10.9,4.2,In Stock,https://www.reliancedigital.in/search?q=Samsung+Galaxy+Tab+S9+FE+(128+GB),2026-09-21
Samsung Galaxy Tab S9 FE (128 GB),Electronics,Tata CLiQ,32052.95,36999.0,13.4,4.9,In Stock,https://www.tatacliq.com/search?q=Samsung+Galaxy+Tab+S9+FE+(128+GB),2026-09-21
Samsung Galaxy Tab A9+ (64 GB),Electronics,Amazon,15419.24,18999.0,18.8,4.7,Out of Stock,https://www.amazon.in/search?q=Samsung+Galaxy+Tab+A9++(64+GB),2026-09-11
Samsung Galaxy Tab A9+ (64 GB),Electronics,Flipkart,16440.48,18999.0,13.5,4.8,In Stock,https://www.flipkart.com/search?q=Samsung+Galaxy+Tab+A9++(64+GB),2026-09-13
Samsung Galaxy Tab A9+ (64 GB),Electronics,Croma,15068.25,18999.0,20.7,4.0,In Stock,https://www.croma.com/search?q=Samsung+Galaxy+Tab+A9++(64+GB),2026-09-21
Samsung Galaxy Tab A9+ (64 GB),Electronics,Reliance Digital,14760.82,18999.0,22.3,4.5,In Stock,https://www.reliancedigital.in/search?q=Samsung+Galaxy+Tab+A9++(64+GB),2026-09-15
Samsung Galaxy Tab A9+ (64 GB),Electronics,Tata CLiQ,16047.51,18999.0,15.5,3.8,In Stock,https://www.tatacliq.com/search?q=Samsung+Galaxy+Tab+A9++(64+GB),2026-09-25
Sony WH-1000XM5 Wireless Noise Cancelling Headphones,Electronics,Amazon,24278.39,29990.0,19.0,3.9,In Stock,https://www.amazon.in/search?q=Sony+WH-1000XM5+Wireless+Noise+Cancelling+Headphones,2026-09-14
Sony WH-1000XM5 Wireless Noise Cancelling Headphones,Electronics,Flipkart,28012.64,29990.0,6.6,4.7,In Stock,https://www.flipkart.com/search?q=Sony+WH-1000XM5+Wireless+Noise+Cancelling+Headphones,2026-09-20
Sony WH-1000XM5 Wireless Noise Cancelling Headphones,Electronics,Croma,22665.24,29990.0,24.4,4.7,In Stock,https://www.croma.com/search?q=Sony+WH-1000XM5+Wireless+Noise+Cancelling+Headphones,2026-09-12
Sony WH-1000XM5 Wireless Noise Cancelling Headphones,Electronics,Reliance Digital,21422.27,29990.0,28.6,4.1,In Stock,https://www.reliancedigital.in/search?q=Sony+WH-1000XM5+Wireless+Noise+Cancelling+Headphones,2026-09-13
Sony WH-1000XM5 Wireless Noise Cancelling Headphones,Electronics,Tata CLiQ,23292.12,29990.0,22.3,4.0,Out of Stock,https://www.tatacliq.com/search?q=Sony+WH-1000XM5+Wireless+Noise+Cancelling+Headphones,2026-09-12
Sony WH-1000XM4 Wireless Noise Cancelling Headphones,Electronics,Amazon,18766.8,22990.0,18.4,4.2,In Stock,https://www.amazon.in/search?q=Sony+WH-1000XM4+Wireless+Noise+Cancelling+Headphones,2026-09-17
Sony WH-1000XM4 Wireless Noise Cancelling Headphones,Electronics,Flipkart,18819.04,22990.0,18.1,3.8,In Stock,https://www.flipkart.com/search?q=Sony+WH-1000XM4+Wireless+Noise+Cancelling+Headphones,2026-09-18
Sony WH-1000XM4 Wireless Noise Cancelling Headphones,Electronics,Croma,18317.71,22990.0,20.3,4.1,In Stock,https://www.croma.com/search?q=Sony+WH-1000XM4+Wireless+Noise+Cancelling+Headphones,2026-09-15
Sony WH-1000XM4 Wireless Noise Cancelling Headphones,Electronics,Reliance Digital,20376.41,22990.0,11.4,4.1,In Stock,https://www.reliancedigital.in/search?q=Sony+WH-1000XM4+Wireless+Noise+Cancelling+Headphones,2026-09-11
Sony WH-1000XM4 Wireless Noise Cancelling Headphones,Electronics,Tata CLiQ,19822.9,22990.0,13.8,4.5,In Stock,https://www.tatacliq.com/search?q=Sony+WH-1000XM4+Wireless+Noise+Cancelling+Headphones,2026-09-15
Sony WH-CH720N Noise Canceling Wireless Headphones,Electronics,Amazon,7611.68,9990.0,23.8,4.1,In Stock,https://www.amazon.in/search?q=Sony+WH-CH720N+Noise+Canceling+Wireless+Headphones,2026-09-23
Sony WH-CH720N Noise Canceling Wireless Headphones,Electronics,Flipkart,9590.4,9990.0,4.0,4.9,In Stock,https://www.flipkart.com/search?q=Sony+WH-CH720N+Noise+Canceling+Wireless+Headphones,2026-09-22
Sony WH-CH720N Noise Canceling Wireless Headphones,Electronics,Croma,8926.11,9990.0,10.6,4.3,In Stock,https://www.croma.com/search?q=Sony+WH-CH720N+Noise+Canceling+Wireless+Headphones,2026-09-14
Sony WH-CH720N Noise Canceling Wireless Headphones,Electronics,Reliance Digital,8113.25,9990.0,18.8,4.4,In Stock,https://www.reliancedigital.in/search?q=Sony+WH-CH720N+Noise+Canceling+Wireless+Headphones,2026-09-11
Sony WH-CH720N Noise Canceling Wireless Headphones,Electronics,Tata CLiQ,9335.17,9990.0,6.6,4.3,In Stock,https://www.tatacliq.com/search?q=Sony+WH-CH720N+Noise+Canceling+Wireless+Headphones,2026-09-21
Bose QuietComfort 45 Bluetooth Headphones,Electronics,Amazon,24459.05,26900.0,9.1,4.3,Out of Stock,https://www.amazon.in/search?q=Bose+QuietComfort+45+Bluetooth+Headphones,2026-09-12
Bose QuietComfort 45 Bluetooth Headphones,Electronics,Flipkart,21000.3,26900.0,21.9,4.2,Limited Stock,https://www.flipkart.com/search?q=Bose+QuietComfort+45+Bluetooth+Headphones,2026-09-15
Bose QuietComfort 45 Bluetooth Headphones,Electronics,Croma,23334.09,26900.0,13.3,4.0,In Stock,https://www.croma.com/search?q=Bose+QuietComfort+45+Bluetooth+Headphones,2026-09-12
Bose QuietComfort 45 Bluetooth Headphones,Electronics,Reliance Digital,24087.76,26900.0,10.5,4.0,In Stock,https://www.reliancedigital.in/search?q=Bose+QuietComfort+45+Bluetooth+Headphones,2026-09-25
Bose QuietComfort 45 Bluetooth Headphones,Electronics,Tata CLiQ,24365.19,26900.0,9.4,4.9,In Stock,https://www.tatacliq.com/search?q=Bose+QuietComfort+45+Bluetooth+Headphones,2026-09-22
Bose Noise Cancelling Headphones 700,Electronics,Amazon,24773.29,29900.0,17.1,4.0,In Stock,https://www.amazon.in/search?q=Bose+Noise+Cancelling+Headphones+700,2026-09-12
Bose Noise Cancelling Headphones 700,Electronics,Flipkart,24771.44,29900.0,17.2,4.7,In Stock,https://www.flipkart.com/search?q=Bose+Noise+Cancelling+Headphones+700,2026-09-21
Bose Noise Cancelling Headphones 700,Electronics,Croma,26704.95,29900.0,10.7,3.9,In Stock,https://www.croma.com/search?q=Bose+Noise+Cancelling+Headphones+700,2026-09-23
Bose Noise Cancelling Headphones 700,Electronics,Reliance Digital,23208.8,29900.0,22.4,3.9,In Stock,https://www.reliancedigital.in/search?q=Bose+Noise+Cancelling+Headphones+700,2026-09-13
Bose Noise Cancelling Headphones 700,Electronics,Tata CLiQ,26860.64,29900.0,10.2,4.0,In Stock,https://www.tatacliq.com/search?q=Bose+Noise+Cancelling+Headphones+700,2026-09-14
Apple AirPods Pro (2nd Gen),Electronics,Amazon,23436.43,24900.0,5.9,3.9,In Stock,https://www.amazon.in/search?q=Apple+AirPods+Pro+(2nd+Gen),2026-09-20
Apple AirPods Pro (2nd Gen),Electronics,Flipkart,23593.43,24900.0,5.2,4.4,Limited Stock,https://www.flipkart.com/search?q=Apple+AirPods+Pro+(2nd+Gen),2026-09-25
Apple AirPods Pro (2nd Gen),Electronics,Croma,18597.5,24900.0,25.3,4.5,In Stock,https://www.croma.com/search?q=Apple+AirPods+Pro+(2nd+Gen),2026-09-15
Apple AirPods Pro (2nd Gen),Electronics,Reliance Digital,22276.38,24900.0,10.5,4.3,In Stock,https://www.reliancedigital.in/search?q=Apple+AirPods+Pro+(2nd+Gen),2026-09-15
Apple AirPods Pro (2nd Gen),Electronics,Tata CLiQ,20595.33,24900.0,17.3,4.3,Limited Stock,https://www.tatacliq.com/search?q=Apple+AirPods+Pro+(2nd+Gen),2026-09-20
Apple AirPods (3rd Gen),Electronics,Amazon,17793.38,18900.0,5.9,4.1,In Stock,https://www.amazon.in/search?q=Apple+AirPods+(3rd+Gen),2026-09-17
Apple AirPods (3rd Gen),Electronics,Flipkart,16692.7,18900.0,11.7,4.5,In Stock,https://www.flipkart.com/search?q=Apple+AirPods+(3rd+Gen),2026-09-17
Apple AirPods (3rd Gen),Electronics,Croma,17291.48,18900.0,8.5,4.6,In Stock,https://www.croma.com/search?q=Apple+AirPods+(3rd+Gen),2026-09-15
Apple AirPods (3rd Gen),Electronics,Reliance Digital,15136.02,18900.0,19.9,4.8,In Stock,https://www.reliancedigital.in/search?q=Apple+AirPods+(3rd+Gen),2026-09-11
Apple AirPods (3rd Gen),Electronics,Tata CLiQ,16930.41,18900.0,10.4,4.3,In Stock,https://www.tatacliq.com/search?q=Apple+AirPods+(3rd+Gen),2026-09-24
Samsung Galaxy Buds2 Pro,Electronics,Amazon,13602.11,14999.0,9.3,4.1,Out of Stock,https://www.amazon.in/search?q=Samsung+Galaxy+Buds2+Pro,2026-09-15
Samsung Galaxy Buds2 Pro,Electronics,Flipkart,14030.43,14999.0,6.5,4.7,In Stock,https://www.flipkart.com/search?q=Samsung+Galaxy+Buds2+Pro,2026-09-24
Samsung Galaxy Buds2 Pro,Electronics,Croma,12797.76,14999.0,14.7,3.9,In Stock,https://www.croma.com/search?q=Samsung+Galaxy+Buds2+Pro,2026-09-17
Samsung Galaxy Buds2 Pro,Electronics,Reliance Digital,11892.9,14999.0,20.7,4.3,In Stock,https://www.reliancedigital.in/search?q=Samsung+Galaxy+Buds2+Pro,2026-09-13
Samsung Galaxy Buds2 Pro,Electronics,Tata CLiQ,11559.5,14999.0,22.9,3.9,In Stock,https://www.tatacliq.com/search?q=Samsung+Galaxy+Buds2+Pro,2026-09-21
OnePlus Buds Pro 2,Electronics,Amazon,8517.49,9999.0,14.8,4.0,In Stock,https://www.amazon.in/search?q=OnePlus+Buds+Pro+2,2026-09-22
OnePlus Buds Pro 2,Electronics,Flipkart,8825.25,9999.0,11.7,4.4,In Stock,https://www.flipkart.com/search?q=OnePlus+Buds+Pro+2,2026-09-21
OnePlus Buds Pro 2,Electronics,Croma,7747.73,9999.0,22.5,4.7,Out of Stock,https://www.croma.com/search?q=OnePlus+Buds+Pro+2,2026-09-12
OnePlus Buds Pro 2,Electronics,Reliance Digital,7888.4,9999.0,21.1,4.4,In Stock,https://www.reliancedigital.in/search?q=OnePlus+Buds+Pro+2,2026-09-15
OnePlus Buds Pro 2,Electronics,Tata CLiQ,8799.49,9999.0,12.0,4.0,In Stock,https://www.tatacliq.com/search?q=OnePlus+Buds+Pro+2,2026-09-21
Boat Airdopes 141 TWS Earbuds,Electronics,Amazon,1302.21,1499.0,13.1,4.0,In Stock,https://www.amazon.in/search?q=Boat+Airdopes+141+TWS+Earbuds,2026-09-15
Boat Airdopes 141 TWS Earbuds,Electronics,Flipkart,1418.93,1499.0,5.3,4.5,In Stock,https://www.flipkart.com/search?q=Boat+Airdopes+141+TWS+Earbuds,2026-09-14
Boat Airdopes 141 TWS Earbuds,Electronics,Croma,1293.99,1499.0,13.7,4.3,In Stock,https://www.croma.com/search?q=Boat+Airdopes+141+TWS+Earbuds,2026-09-21
Boat Airdopes 141 TWS Earbuds,Electronics,Reliance Digital,1144.57,1499.0,23.6,4.4,In Stock,https://www.reliancedigital.in/search?q=Boat+Airdopes+141+TWS+Earbuds,2026-09-25
Boat Airdopes 141 TWS Earbuds,Electronics,Tata CLiQ,1223.68,1499.0,18.4,3.9,In Stock,https://www.tatacliq.com/search?q=Boat+Airdopes+141+TWS+Earbuds,2026-09-18
JBL Flip 6 Portable Bluetooth Speaker,Electronics,Amazon,8546.85,9999.0,14.5,4.3,In Stock,https://www.amazon.in/search?q=JBL+Flip+6+Portable+Bluetooth+Speaker,2026-09-13
JBL Flip 6 Portable Bluetooth Speaker,Electronics,Flipkart,9002.58,9999.0,10.0,3.9,In Stock,https://www.flipkart.com/search?q=JBL+Flip+6+Portable+Bluetooth+Speaker,2026-09-16
JBL Flip 6 Portable Bluetooth Speaker,Electronics,Croma,8071.61,9999.0,19.3,3.8,In Stock,https://www.croma.com/search?q=JBL+Flip+6+Portable+Bluetooth+Speaker,2026-09-16
JBL Flip 6 Portable Bluetooth Speaker,Electronics,Reliance Digital,9112.85,9999.0,8.9,4.8,In Stock,https://www.reliancedigital.in/search?q=JBL+Flip+6+Portable+Bluetooth+Speaker,2026-09-13
JBL Flip 6 Portable Bluetooth Speaker,Electronics,Tata CLiQ,8965.1,9999.0,10.3,3.8,In Stock,https://www.tatacliq.com/search?q=JBL+Flip+6+Portable+Bluetooth+Speaker,2026-09-23
JBL Charge 5 Portable Bluetooth Speaker,Electronics,Amazon,13079.49,14999.0,12.8,4.1,In Stock,https://www.amazon.in/search?q=JBL+Charge+5+Portable+Bluetooth+Speaker,2026-09-15
JBL Charge 5 Portable Bluetooth Speaker,Electronics,Flipkart,14103.18,14999.0,6.0,4.7,In Stock,https://www.flipkart.com/search?q=JBL+Charge+5+Portable+Bluetooth+Speaker,2026-09-25
JBL Charge 5 Portable Bluetooth Speaker,Electronics,Croma,13895.67,14999.0,7.4,4.1,In Stock,https://www.croma.com/search?q=JBL+Charge+5+Portable+Bluetooth+Speaker,2026-09-19
JBL Charge 5 Portable Bluetooth Speaker,Electronics,Reliance Digital,12538.96,14999.0,16.4,3.9,In Stock,https://www.reliancedigital.in/search?q=JBL+Charge+5+Portable+Bluetooth+Speaker,2026-09-20
JBL Charge 5 Portable Bluetooth Speaker,Electronics,Tata CLiQ,11652.48,14999.0,22.3,4.3,In Stock,https://www.tatacliq.com/search?q=JBL+Charge+5+Portable+Bluetooth+Speaker,2026-09-20
Marshall Emberton II Bluetooth Speaker,Electronics,Amazon,12174.64,14999.0,18.8,4.1,In Stock,https://www.amazon.in/search?q=Marshall+Emberton+II+Bluetooth+Speaker,2026-09-17
Marshall Emberton II Bluetooth Speaker,Electronics,Flipkart,12253.62,14999.0,18.3,4.6,In Stock,https://www.flipkart.com/search?q=Marshall+Emberton+II+Bluetooth+Speaker,2026-09-13
Marshall Emberton II Bluetooth Speaker,Electronics,Croma,12816.6,14999.0,14.6,3.9,In Stock,https://www.croma.com/search?q=Marshall+Emberton+II+Bluetooth+Speaker,2026-09-11
Marshall Emberton II Bluetooth Speaker,Electronics,Reliance Digital,12688.68,14999.0,15.4,4.9,In Stock,https://www.reliancedigital.in/search?q=Marshall+Emberton+II+Bluetooth+Speaker,2026-09-23
Marshall Emberton II Bluetooth Speaker,Electronics,Tata CLiQ,14007.53,14999.0,6.6,4.0,In Stock,https://www.tatacliq.com/search?q=Marshall+Emberton+II+Bluetooth+Speaker,2026-09-13
Apple Watch Series 9 GPS 45mm,Electronics,Amazon,41845.53,44900.0,6.8,4.8,In Stock,https://www.amazon.in/search?q=Apple+Watch+Series+9+GPS+45mm,2026-09-18
Apple Watch Series 9 GPS 45mm,Electronics,Flipkart,36158.07,44900.0,19.5,4.3,Limited Stock,https://www.flipkart.com/search?q=Apple+Watch+Series+9+GPS+45mm,2026-09-16
Apple Watch Series 9 GPS 45mm,Electronics,Croma,33025.93,44900.0,26.4,4.2,Out of Stock,https://www.croma.com/search?q=Apple+Watch+Series+9+GPS+45mm,2026-09-20
Apple Watch Series 9 GPS 45mm,Electronics,Reliance Digital,41927.39,44900.0,6.6,4.3,In Stock,https://www.reliancedigital.in/search?q=Apple+Watch+Series+9+GPS+45mm,2026-09-21
Apple Watch Series 9 GPS 45mm,Electronics,Tata CLiQ,39289.32,44900.0,12.5,3.9,In Stock,https://www.tatacliq.com/search?q=Apple+Watch+Series+9+GPS+45mm,2026-09-25
Apple Watch SE (2nd Gen) GPS 44mm,Electronics,Amazon,24392.9,29900.0,18.4,3.9,In Stock,https://www.amazon.in/search?q=Apple+Watch+SE+(2nd+Gen)+GPS+44mm,2026-09-12
Apple Watch SE (2nd Gen) GPS 44mm,Electronics,Flipkart,26062.91,29900.0,12.8,4.2,In Stock,https://www.flipkart.com/search?q=Apple+Watch+SE+(2nd+Gen)+GPS+44mm,2026-09-13
Apple Watch SE (2nd Gen) GPS 44mm,Electronics,Croma,27503.5,29900.0,8.0,4.8,In Stock,https://www.croma.com/search?q=Apple+Watch+SE+(2nd+Gen)+GPS+44mm,2026-09-22
Apple Watch SE (2nd Gen) GPS 44mm,Electronics,Reliance Digital,25229.56,29900.0,15.6,4.0,In Stock,https://www.reliancedigital.in/search?q=Apple+Watch+SE+(2nd+Gen)+GPS+44mm,2026-09-24
Apple Watch SE (2nd Gen) GPS 44mm,Electronics,Tata CLiQ,22932.59,29900.0,23.3,4.9,In Stock,https://www.tatacliq.com/search?q=Apple+Watch+SE+(2nd+Gen)+GPS+44mm,2026-09-15
Samsung Galaxy Watch 6 Bluetooth 44mm,Electronics,Amazon,27803.77,29999.0,7.3,4.3,In Stock,https://www.amazon.in/search?q=Samsung+Galaxy+Watch+6+Bluetooth+44mm,2026-09-17
Samsung Galaxy Watch 6 Bluetooth 44mm,Electronics,Flipkart,26751.01,29999.0,10.8,4.8,In Stock,https://www.flipkart.com/search?q=Samsung+Galaxy+Watch+6+Bluetooth+44mm,2026-09-13
Samsung Galaxy Watch 6 Bluetooth 44mm,Electronics,Croma,24854.31,29999.0,17.1,4.7,In Stock,https://www.croma.com/search?q=Samsung+Galaxy+Watch+6+Bluetooth+44mm,2026-09-24
Samsung Galaxy Watch 6 Bluetooth 44mm,Electronics,Reliance Digital,24806.86,29999.0,17.3,4.2,In Stock,https://www.reliancedigital.in/search?q=Samsung+Galaxy+Watch+6+Bluetooth+44mm,2026-09-12
Samsung Galaxy Watch 6 Bluetooth 44mm,Electronics,Tata CLiQ,22826.34,29999.0,23.9,4.8,In Stock,https://www.tatacliq.com/search?q=Samsung+Galaxy+Watch+6+Bluetooth+44mm,2026-09-16
Amazfit GTR 4 Smartwatch,Electronics,Amazon,13063.22,16999.0,23.2,4.1,In Stock,https://www.amazon.in/search?q=Amazfit+GTR+4+Smartwatch,2026-09-15
Amazfit GTR 4 Smartwatch,Electronics,Flipkart,14557.84,16999.0,14.4,4.8,In Stock,https://www.flipkart.com/search?q=Amazfit+GTR+4+Smartwatch,2026-09-19
Amazfit GTR 4 Smartwatch,Electronics,Croma,14740.34,16999.0,13.3,3.9,In Stock,https://www.croma.com/search?q=Amazfit+GTR+4+Smartwatch,2026-09-14
Amazfit GTR 4 Smartwatch,Electronics,Reliance Digital,12284.36,16999.0,27.7,3.9,In Stock,https://www.reliancedigital.in/search?q=Amazfit+GTR+4+Smartwatch,2026-09-17
Amazfit GTR 4 Smartwatch,Electronics,Tata CLiQ,15033.73,16999.0,11.6,4.0,In Stock,https://www.tatacliq.com/search?q=Amazfit+GTR+4+Smartwatch,2026-09-13
Sony Bravia 55 inch 4K Ultra HD Smart Google TV,Electronics,Amazon,59490.41,64990.0,8.5,4.0,In Stock,https://www.amazon.in/search?q=Sony+Bravia+55+inch+4K+Ultra+HD+Smart+Google+TV,2026-09-12
Sony Bravia 55 inch 4K Ultra HD Smart Google TV,Electronics,Flipkart,55505.1,64990.0,14.6,4.4,In Stock,https://www.flipkart.com/search?q=Sony+Bravia+55+inch+4K+Ultra+HD+Smart+Google+TV,2026-09-17
Sony Bravia 55 inch 4K Ultra HD Smart Google TV,Electronics,Croma,58215.43,64990.0,10.4,4.6,In Stock,https://www.croma.com/search?q=Sony+Bravia+55+inch+4K+Ultra+HD+Smart+Google+TV,2026-09-19
Sony Bravia 55 inch 4K Ultra HD Smart Google TV,Electronics,Reliance Digital,59213.57,64990.0,8.9,4.6,In Stock,https://www.reliancedigital.in/search?q=Sony+Bravia+55+inch+4K+Ultra+HD+Smart+Google+TV,2026-09-11
Sony Bravia 55 inch 4K Ultra HD Smart Google TV,Electronics,Tata CLiQ,57138.45,64990.0,12.1,4.3,In Stock,https://www.tatacliq.com/search?q=Sony+Bravia+55+inch+4K+Ultra+HD+Smart+Google+TV,2026-09-22
LG 55 inch 4K Ultra HD Smart OLED TV,Electronics,Amazon,97720.03,119990.0,18.6,4.6,In Stock,https://www.amazon.in/search?q=LG+55+inch+4K+Ultra+HD+Smart+OLED+TV,2026-09-22
LG 55 inch 4K Ultra HD Smart OLED TV,Electronics,Flipkart,108759.64,119990.0,9.4,4.7,In Stock,https://www.flipkart.com/search?q=LG+55+inch+4K+Ultra+HD+Smart+OLED+TV,2026-09-12
LG 55 inch 4K Ultra HD Smart OLED TV,Electronics,Croma,98348.34,119990.0,18.0,4.4,In Stock,https://www.croma.com/search?q=LG+55+inch+4K+Ultra+HD+Smart+OLED+TV,2026-09-13
LG 55 inch 4K Ultra HD Smart OLED TV,Electronics,Reliance Digital,103735.79,119990.0,13.5,4.4,Out of Stock,https://www.reliancedigital.in/search?q=LG+55+inch+4K+Ultra+HD+Smart+OLED+TV,2026-09-12
LG 55 inch 4K Ultra HD Smart OLED TV,Electronics,Tata CLiQ,101281.45,119990.0,15.6,4.8,In Stock,https://www.tatacliq.com/search?q=LG+55+inch+4K+Ultra+HD+Smart+OLED+TV,2026-09-18
Levi's 511 Men's Slim Fit Jeans,Fashion,Amazon,2490.33,2999.0,17.0,3.9,In Stock,https://www.amazon.in/search?q=Levi's+511+Men's+Slim+Fit+Jeans,2026-09-12
Levi's 511 Men's Slim Fit Jeans,Fashion,Flipkart,2879.04,2999.0,4.0,4.0,In Stock,https://www.flipkart.com/search?q=Levi's+511+Men's+Slim+Fit+Jeans,2026-09-17
Levi's 511 Men's Slim Fit Jeans,Fashion,Myntra,2639.53,2999.0,12.0,4.8,In Stock,https://www.myntra.com/search?q=Levi's+511+Men's+Slim+Fit+Jeans,2026-09-18
Levi's 511 Men's Slim Fit Jeans,Fashion,Ajio,2323.25,2999.0,22.5,4.3,In Stock,https://www.ajio.com/search?q=Levi's+511+Men's+Slim+Fit+Jeans,2026-09-20
Levi's 511 Men's Slim Fit Jeans,Fashion,Tata CLiQ,2292.15,2999.0,23.6,4.2,In Stock,https://www.tatacliq.com/search?q=Levi's+511+Men's+Slim+Fit+Jeans,2026-09-11
Levi's 501 Original Fit Men's Jeans,Fashion,Amazon,3012.74,3599.0,16.3,4.2,In Stock,https://www.amazon.in/search?q=Levi's+501+Original+Fit+Men's+Jeans,2026-09-25
Levi's 501 Original Fit Men's Jeans,Fashion,Flipkart,2932.12,3599.0,18.5,4.6,In Stock,https://www.flipkart.com/search?q=Levi's+501+Original+Fit+Men's+Jeans,2026-09-14
Levi's 501 Original Fit Men's Jeans,Fashion,Myntra,2981.68,3599.0,17.2,4.8,In Stock,https://www.myntra.com/search?q=Levi's+501+Original+Fit+Men's+Jeans,2026-09-22
Levi's 501 Original Fit Men's Jeans,Fashion,Ajio,3071.71,3599.0,14.7,4.6,In Stock,https://www.ajio.com/search?q=Levi's+501+Original+Fit+Men's+Jeans,2026-09-24
Levi's 501 Original Fit Men's Jeans,Fashion,Tata CLiQ,3198.3,3599.0,11.1,3.9,In Stock,https://www.tatacliq.com/search?q=Levi's+501+Original+Fit+Men's+Jeans,2026-09-15
Levi's Women's 711 Skinny Fit Jeans,Fashion,Amazon,2390.02,2799.0,14.6,3.9,Limited Stock,https://www.amazon.in/search?q=Levi's+Women's+711+Skinny+Fit+Jeans,2026-09-16
Levi's Women's 711 Skinny Fit Jeans,Fashion,Flipkart,2356.22,2799.0,15.8,4.4,In Stock,https://www.flipkart.com/search?q=Levi's+Women's+711+Skinny+Fit+Jeans,2026-09-21
Levi's Women's 711 Skinny Fit Jeans,Fashion,Myntra,2324.78,2799.0,16.9,4.1,In Stock,https://www.myntra.com/search?q=Levi's+Women's+711+Skinny+Fit+Jeans,2026-09-15
Levi's Women's 711 Skinny Fit Jeans,Fashion,Ajio,2426.43,2799.0,13.3,4.2,Out of Stock,https://www.ajio.com/search?q=Levi's+Women's+711+Skinny+Fit+Jeans,2026-09-17
Levi's Women's 711 Skinny Fit Jeans,Fashion,Tata CLiQ,2104.76,2799.0,24.8,4.4,In Stock,https://www.tatacliq.com/search?q=Levi's+Women's+711+Skinny+Fit+Jeans,2026-09-18
Wrangler Regular Fit Men's Jeans,Fashion,Amazon,2262.71,2499.0,9.5,4.2,In Stock,https://www.amazon.in/search?q=Wrangler+Regular+Fit+Men's+Jeans,2026-09-20
Wrangler Regular Fit Men's Jeans,Fashion,Flipkart,2215.65,2499.0,11.3,4.6,In Stock,https://www.flipkart.com/search?q=Wrangler+Regular+Fit+Men's+Jeans,2026-09-13
Wrangler Regular Fit Men's Jeans,Fashion,Myntra,1985.63,2499.0,20.5,3.9,In Stock,https://www.myntra.com/search?q=Wrangler+Regular+Fit+Men's+Jeans,2026-09-20
Wrangler Regular Fit Men's Jeans,Fashion,Ajio,2322.34,2499.0,7.1,4.7,In Stock,https://www.ajio.com/search?q=Wrangler+Regular+Fit+Men's+Jeans,2026-09-14
Wrangler Regular Fit Men's Jeans,Fashion,Tata CLiQ,2285.63,2499.0,8.5,3.9,In Stock,https://www.tatacliq.com/search?q=Wrangler+Regular+Fit+Men's+Jeans,2026-09-18
Wrangler Men's Texas Stretch Regular Jeans,Fashion,Amazon,2733.27,2899.0,5.7,4.7,Limited Stock,https://www.amazon.in/search?q=Wrangler+Men's+Texas+Stretch+Regular+Jeans,2026-09-20
Wrangler Men's Texas Stretch Regular Jeans,Fashion,Flipkart,2450.39,2899.0,15.5,4.9,In Stock,https://www.flipkart.com/search?q=Wrangler+Men's+Texas+Stretch+Regular+Jeans,2026-09-21
Wrangler Men's Texas Stretch Regular Jeans,Fashion,Myntra,2446.14,2899.0,15.6,4.1,In Stock,https://www.myntra.com/search?q=Wrangler+Men's+Texas+Stretch+Regular+Jeans,2026-09-25
Wrangler Men's Texas Stretch Regular Jeans,Fashion,Ajio,2595.55,2899.0,10.5,3.9,In Stock,https://www.ajio.com/search?q=Wrangler+Men's+Texas+Stretch+Regular+Jeans,2026-09-11
Wrangler Men's Texas Stretch Regular Jeans,Fashion,Tata CLiQ,2513.58,2899.0,13.3,4.9,In Stock,https://www.tatacliq.com/search?q=Wrangler+Men's+Texas+Stretch+Regular+Jeans,2026-09-23
Pepe Jeans London Men's Skinny Jeans,Fashion,Amazon,2409.06,2799.0,13.9,4.8,In Stock,https://www.amazon.in/search?q=Pepe+Jeans+London+Men's+Skinny+Jeans,2026-09-13
Pepe Jeans London Men's Skinny Jeans,Fashion,Flipkart,2535.81,2799.0,9.4,4.3,Out of Stock,https://www.flipkart.com/search?q=Pepe+Jeans+London+Men's+Skinny+Jeans,2026-09-23
Pepe Jeans London Men's Skinny Jeans,Fashion,Myntra,2472.87,2799.0,11.7,3.9,In Stock,https://www.myntra.com/search?q=Pepe+Jeans+London+Men's+Skinny+Jeans,2026-09-21
Pepe Jeans London Men's Skinny Jeans,Fashion,Ajio,2348.84,2799.0,16.1,4.0,In Stock,https://www.ajio.com/search?q=Pepe+Jeans+London+Men's+Skinny+Jeans,2026-09-18
Pepe Jeans London Men's Skinny Jeans,Fashion,Tata CLiQ,2236.05,2799.0,20.1,4.2,Out of Stock,https://www.tatacliq.com/search?q=Pepe+Jeans+London+Men's+Skinny+Jeans,2026-09-21
Nike Air Force 1 '07 Men's Sneakers,Fashion,Amazon,6512.82,8195.0,20.5,3.9,In Stock,https://www.amazon.in/search?q=Nike+Air+Force+1+'07+Men's+Sneakers,2026-09-19
Nike Air Force 1 '07 Men's Sneakers,Fashion,Flipkart,6692.16,8195.0,18.3,4.5,Out of Stock,https://www.flipkart.com/search?q=Nike+Air+Force+1+'07+Men's+Sneakers,2026-09-23
Nike Air Force 1 '07 Men's Sneakers,Fashion,Myntra,6531.0,8195.0,20.3,4.3,In Stock,https://www.myntra.com/search?q=Nike+Air+Force+1+'07+Men's+Sneakers,2026-09-22
Nike Air Force 1 '07 Men's Sneakers,Fashion,Ajio,7316.57,8195.0,10.7,4.2,In Stock,https://www.ajio.com/search?q=Nike+Air+Force+1+'07+Men's+Sneakers,2026-09-16
Nike Air Force 1 '07 Men's Sneakers,Fashion,Tata CLiQ,7189.83,8195.0,12.3,4.2,In Stock,https://www.tatacliq.com/search?q=Nike+Air+Force+1+'07+Men's+Sneakers,2026-09-24
Nike Air Max SC Running Shoes,Fashion,Amazon,5098.22,5995.0,15.0,4.2,In Stock,https://www.amazon.in/search?q=Nike+Air+Max+SC+Running+Shoes,2026-09-22
Nike Air Max SC Running Shoes,Fashion,Flipkart,5646.04,5995.0,5.8,4.0,In Stock,https://www.flipkart.com/search?q=Nike+Air+Max+SC+Running+Shoes,2026-09-11
Nike Air Max SC Running Shoes,Fashion,Myntra,5362.89,5995.0,10.5,4.1,In Stock,https://www.myntra.com/search?q=Nike+Air+Max+SC+Running+Shoes,2026-09-16
Nike Air Max SC Running Shoes,Fashion,Ajio,4840.52,5995.0,19.3,4.3,In Stock,https://www.ajio.com/search?q=Nike+Air+Max+SC+Running+Shoes,2026-09-12
Nike Air Max SC Running Shoes,Fashion,Tata CLiQ,5615.91,5995.0,6.3,4.6,Out of Stock,https://www.tatacliq.com/search?q=Nike+Air+Max+SC+Running+Shoes,2026-09-13
Nike Revolution 7 Men's Road Running Shoes,Fashion,Amazon,2888.75,3695.0,21.8,4.2,In Stock,https://www.amazon.in/search?q=Nike+Revolution+7+Men's+Road+Running+Shoes,2026-09-24
Nike Revolution 7 Men's Road Running Shoes,Fashion,Flipkart,3360.34,3695.0,9.1,4.1,In Stock,https://www.flipkart.com/search?q=Nike+Revolution+7+Men's+Road+Running+Shoes,2026-09-14
Nike Revolution 7 Men's Road Running Shoes,Fashion,Myntra,2960.04,3695.0,19.9,4.7,In Stock,https://www.myntra.com/search?q=Nike+Revolution+7+Men's+Road+Running+Shoes,2026-09-24
Nike Revolution 7 Men's Road Running Shoes,Fashion,Ajio,2946.14,3695.0,20.3,4.1,In Stock,https://www.ajio.com/search?q=Nike+Revolution+7+Men's+Road+Running+Shoes,2026-09-20
Nike Revolution 7 Men's Road Running Shoes,Fashion,Tata CLiQ,3227.64,3695.0,12.6,4.7,In Stock,https://www.tatacliq.com/search?q=Nike+Revolution+7+Men's+Road+Running+Shoes,2026-09-16
Adidas Originals Stan Smith Sneakers,Fashion,Amazon,7420.18,7999.0,7.2,4.2,In Stock,https://www.amazon.in/search?q=Adidas+Originals+Stan+Smith+Sneakers,2026-09-18
Adidas Originals Stan Smith Sneakers,Fashion,Flipkart,6518.24,7999.0,18.5,4.7,In Stock,https://www.flipkart.com/search?q=Adidas+Originals+Stan+Smith+Sneakers,2026-09-20
Adidas Originals Stan Smith Sneakers,Fashion,Myntra,6822.25,7999.0,14.7,4.5,In Stock,https://www.myntra.com/search?q=Adidas+Originals+Stan+Smith+Sneakers,2026-09-11
Adidas Originals Stan Smith Sneakers,Fashion,Ajio,6825.44,7999.0,14.7,4.4,In Stock,https://www.ajio.com/search?q=Adidas+Originals+Stan+Smith+Sneakers,2026-09-23
Adidas Originals Stan Smith Sneakers,Fashion,Tata CLiQ,6169.04,7999.0,22.9,3.9,In Stock,https://www.tatacliq.com/search?q=Adidas+Originals+Stan+Smith+Sneakers,2026-09-23
Adidas Originals Superstar Sneakers,Fashion,Amazon,8435.67,8999.0,6.3,4.8,In Stock,https://www.amazon.in/search?q=Adidas+Originals+Superstar+Sneakers,2026-09-17
Adidas Originals Superstar Sneakers,Fashion,Flipkart,7028.82,8999.0,21.9,4.1,In Stock,https://www.flipkart.com/search?q=Adidas+Originals+Superstar+Sneakers,2026-09-17
Adidas Originals Superstar Sneakers,Fashion,Myntra,7525.62,8999.0,16.4,4.5,In Stock,https://www.myntra.com/search?q=Adidas+Originals+Superstar+Sneakers,2026-09-15
Adidas Originals Superstar Sneakers,Fashion,Ajio,7273.41,8999.0,19.2,4.0,In Stock,https://www.ajio.com/search?q=Adidas+Originals+Superstar+Sneakers,2026-09-14
Adidas Originals Superstar Sneakers,Fashion,Tata CLiQ,7760.52,8999.0,13.8,4.8,In Stock,https://www.tatacliq.com/search?q=Adidas+Originals+Superstar+Sneakers,2026-09-12
Adidas Ultraboost Light Running Shoes,Fashion,Amazon,12479.04,12999.0,4.0,4.5,In Stock,https://www.amazon.in/search?q=Adidas+Ultraboost+Light+Running+Shoes,2026-09-15
Adidas Ultraboost Light Running Shoes,Fashion,Flipkart,11309.55,12999.0,13.0,4.5,In Stock,https://www.flipkart.com/search?q=Adidas+Ultraboost+Light+Running+Shoes,2026-09-11
Adidas Ultraboost Light Running Shoes,Fashion,Myntra,11513.31,12999.0,11.4,4.9,In Stock,https://www.myntra.com/search?q=Adidas+Ultraboost+Light+Running+Shoes,2026-09-13
Adidas Ultraboost Light Running Shoes,Fashion,Ajio,11483.5,12999.0,11.7,4.3,In Stock,https://www.ajio.com/search?q=Adidas+Ultraboost+Light+Running+Shoes,2026-09-23
Adidas Ultraboost Light Running Shoes,Fashion,Tata CLiQ,11129.35,12999.0,14.4,4.0,In Stock,https://www.tatacliq.com/search?q=Adidas+Ultraboost+Light+Running+Shoes,2026-09-20
Puma Smash v2 Leather Sneakers,Fashion,Amazon,3511.37,3999.0,12.2,4.9,In Stock,https://www.amazon.in/search?q=Puma+Smash+v2+Leather+Sneakers,2026-09-19
Puma Smash v2 Leather Sneakers,Fashion,Flipkart,3656.5,3999.0,8.6,4.4,In Stock,https://www.flipkart.com/search?q=Puma+Smash+v2+Leather+Sneakers,2026-09-18
Puma Smash v2 Leather Sneakers,Fashion,Myntra,3514.94,3999.0,12.1,4.0,In Stock,https://www.myntra.com/search?q=Puma+Smash+v2+Leather+Sneakers,2026-09-19
Puma Smash v2 Leather Sneakers,Fashion,Ajio,3511.78,3999.0,12.2,4.9,Limited Stock,https://www.ajio.com/search?q=Puma+Smash+v2+Leather+Sneakers,2026-09-12
Puma Smash v2 Leather Sneakers,Fashion,Tata CLiQ,3371.52,3999.0,15.7,4.1,In Stock,https://www.tatacliq.com/search?q=Puma+Smash+v2+Leather+Sneakers,2026-09-18
Puma Softride Rift Tech Running Shoes,Fashion,Amazon,2945.59,3499.0,15.8,4.8,In Stock,https://www.amazon.in/search?q=Puma+Softride+Rift+Tech+Running+Shoes,2026-09-24
Puma Softride Rift Tech Running Shoes,Fashion,Flipkart,2962.43,3499.0,15.3,4.9,In Stock,https://www.flipkart.com/search?q=Puma+Softride+Rift+Tech+Running+Shoes,2026-09-20
Puma Softride Rift Tech Running Shoes,Fashion,Myntra,3206.12,3499.0,8.4,4.5,In Stock,https://www.myntra.com/search?q=Puma+Softride+Rift+Tech+Running+Shoes,2026-09-15
Puma Softride Rift Tech Running Shoes,Fashion,Ajio,3058.59,3499.0,12.6,4.7,In Stock,https://www.ajio.com/search?q=Puma+Softride+Rift+Tech+Running+Shoes,2026-09-11
Puma Softride Rift Tech Running Shoes,Fashion,Tata CLiQ,3109.28,3499.0,11.1,4.2,In Stock,https://www.tatacliq.com/search?q=Puma+Softride+Rift+Tech+Running+Shoes,2026-09-25
New Balance 574 Core Sneakers,Fashion,Amazon,8257.08,8999.0,8.2,4.4,In Stock,https://www.amazon.in/search?q=New+Balance+574+Core+Sneakers,2026-09-17
New Balance 574 Core Sneakers,Fashion,Flipkart,7761.74,8999.0,13.7,4.7,In Stock,https://www.flipkart.com/search?q=New+Balance+574+Core+Sneakers,2026-09-16
New Balance 574 Core Sneakers,Fashion,Myntra,6965.61,8999.0,22.6,4.2,In Stock,https://www.myntra.com/search?q=New+Balance+574+Core+Sneakers,2026-09-20
New Balance 574 Core Sneakers,Fashion,Ajio,8134.98,8999.0,9.6,4.0,In Stock,https://www.ajio.com/search?q=New+Balance+574+Core+Sneakers,2026-09-19
New Balance 574 Core Sneakers,Fashion,Tata CLiQ,8467.48,8999.0,5.9,4.0,In Stock,https://www.tatacliq.com/search?q=New+Balance+574+Core+Sneakers,2026-09-18
Skechers Men's Go Walk Max Walking Shoes,Fashion,Amazon,4180.67,4499.0,7.1,4.8,In Stock,https://www.amazon.in/search?q=Skechers+Men's+Go+Walk+Max+Walking+Shoes,2026-09-11
Skechers Men's Go Walk Max Walking Shoes,Fashion,Flipkart,4192.38,4499.0,6.8,4.9,In Stock,https://www.flipkart.com/search?q=Skechers+Men's+Go+Walk+Max+Walking+Shoes,2026-09-21
Skechers Men's Go Walk Max Walking Shoes,Fashion,Myntra,3796.48,4499.0,15.6,4.4,In Stock,https://www.myntra.com/search?q=Skechers+Men's+Go+Walk+Max+Walking+Shoes,2026-09-16
Skechers Men's Go Walk Max Walking Shoes,Fashion,Ajio,3720.05,4499.0,17.3,4.2,In Stock,https://www.ajio.com/search?q=Skechers+Men's+Go+Walk+Max+Walking+Shoes,2026-09-19
Skechers Men's Go Walk Max Walking Shoes,Fashion,Tata CLiQ,3538.3,4499.0,21.4,4.6,In Stock,https://www.tatacliq.com/search?q=Skechers+Men's+Go+Walk+Max+Walking+Shoes,2026-09-25
Tommy Hilfiger Solid Casual Men's Shirt,Fashion,Amazon,4148.52,4599.0,9.8,4.5,Out of Stock,https://www.amazon.in/search?q=Tommy+Hilfiger+Solid+Casual+Men's+Shirt,2026-09-16
Tommy Hilfiger Solid Casual Men's Shirt,Fashion,Flipkart,3779.63,4599.0,17.8,4.4,In Stock,https://www.flipkart.com/search?q=Tommy+Hilfiger+Solid+Casual+Men's+Shirt,2026-09-15
Tommy Hilfiger Solid Casual Men's Shirt,Fashion,Myntra,3605.71,4599.0,21.6,4.2,In Stock,https://www.myntra.com/search?q=Tommy+Hilfiger+Solid+Casual+Men's+Shirt,2026-09-22
Tommy Hilfiger Solid Casual Men's Shirt,Fashion,Ajio,3742.58,4599.0,18.6,3.9,In Stock,https://www.ajio.com/search?q=Tommy+Hilfiger+Solid+Casual+Men's+Shirt,2026-09-20
Tommy Hilfiger Solid Casual Men's Shirt,Fashion,Tata CLiQ,4007.89,4599.0,12.9,4.0,In Stock,https://www.tatacliq.com/search?q=Tommy+Hilfiger+Solid+Casual+Men's+Shirt,2026-09-16
Tommy Hilfiger Embroidered Logo Polo T-Shirt,Fashion,Amazon,2521.79,3299.0,23.6,4.6,In Stock,https://www.amazon.in/search?q=Tommy+Hilfiger+Embroidered+Logo+Polo+T-Shirt,2026-09-23
Tommy Hilfiger Embroidered Logo Polo T-Shirt,Fashion,Flipkart,2826.88,3299.0,14.3,4.9,In Stock,https://www.flipkart.com/search?q=Tommy+Hilfiger+Embroidered+Logo+Polo+T-Shirt,2026-09-19
Tommy Hilfiger Embroidered Logo Polo T-Shirt,Fashion,Myntra,3050.51,3299.0,7.5,4.8,In Stock,https://www.myntra.com/search?q=Tommy+Hilfiger+Embroidered+Logo+Polo+T-Shirt,2026-09-20
Tommy Hilfiger Embroidered Logo Polo T-Shirt,Fashion,Ajio,2631.53,3299.0,20.2,4.5,In Stock,https://www.ajio.com/search?q=Tommy+Hilfiger+Embroidered+Logo+Polo+T-Shirt,2026-09-21
Tommy Hilfiger Embroidered Logo Polo T-Shirt,Fashion,Tata CLiQ,2989.04,3299.0,9.4,4.1,In Stock,https://www.tatacliq.com/search?q=Tommy+Hilfiger+Embroidered+Logo+Polo+T-Shirt,2026-09-22
US Polo Assn Regular Fit Casual Shirt,Fashion,Amazon,1778.8,2399.0,25.9,4.6,In Stock,https://www.amazon.in/search?q=US+Polo+Assn+Regular+Fit+Casual+Shirt,2026-09-14
US Polo Assn Regular Fit Casual Shirt,Fashion,Flipkart,2150.33,2399.0,10.4,4.2,Limited Stock,https://www.flipkart.com/search?q=US+Polo+Assn+Regular+Fit+Casual+Shirt,2026-09-13
US Polo Assn Regular Fit Casual Shirt,Fashion,Myntra,2114.38,2399.0,11.9,4.4,In Stock,https://www.myntra.com/search?q=US+Polo+Assn+Regular+Fit+Casual+Shirt,2026-09-11
US Polo Assn Regular Fit Casual Shirt,Fashion,Ajio,1900.77,2399.0,20.8,4.9,In Stock,https://www.ajio.com/search?q=US+Polo+Assn+Regular+Fit+Casual+Shirt,2026-09-21
US Polo Assn Regular Fit Casual Shirt,Fashion,Tata CLiQ,1875.62,2399.0,21.8,3.9,Limited Stock,https://www.tatacliq.com/search?q=US+Polo+Assn+Regular+Fit+Casual+Shirt,2026-09-15
US Polo Assn Solid Pique Polo T-Shirt,Fashion,Amazon,1576.58,1799.0,12.4,4.0,In Stock,https://www.amazon.in/search?q=US+Polo+Assn+Solid+Pique+Polo+T-Shirt,2026-09-11
US Polo Assn Solid Pique Polo T-Shirt,Fashion,Flipkart,1641.72,1799.0,8.7,3.9,In Stock,https://www.flipkart.com/search?q=US+Polo+Assn+Solid+Pique+Polo+T-Shirt,2026-09-22
US Polo Assn Solid Pique Polo T-Shirt,Fashion,Myntra,1491.21,1799.0,17.1,4.4,In Stock,https://www.myntra.com/search?q=US+Polo+Assn+Solid+Pique+Polo+T-Shirt,2026-09-25
US Polo Assn Solid Pique Polo T-Shirt,Fashion,Ajio,1680.14,1799.0,6.6,4.3,In Stock,https://www.ajio.com/search?q=US+Polo+Assn+Solid+Pique+Polo+T-Shirt,2026-09-23
US Polo Assn Solid Pique Polo T-Shirt,Fashion,Tata CLiQ,1555.54,1799.0,13.5,4.8,In Stock,https://www.tatacliq.com/search?q=US+Polo+Assn+Solid+Pique+Polo+T-Shirt,2026-09-11
Zara Oversized Linen Blend Casual Shirt,Fashion,Amazon,2529.02,2990.0,15.4,4.5,In Stock,https://www.amazon.in/search?q=Zara+Oversized+Linen+Blend+Casual+Shirt,2026-09-21
Zara Oversized Linen Blend Casual Shirt,Fashion,Flipkart,2540.79,2990.0,15.0,4.8,In Stock,https://www.flipkart.com/search?q=Zara+Oversized+Linen+Blend+Casual+Shirt,2026-09-16
Zara Oversized Linen Blend Casual Shirt,Fashion,Myntra,2438.8,2990.0,18.4,4.7,In Stock,https://www.myntra.com/search?q=Zara+Oversized+Linen+Blend+Casual+Shirt,2026-09-11
Zara Oversized Linen Blend Casual Shirt,Fashion,Ajio,2451.2,2990.0,18.0,4.0,Limited Stock,https://www.ajio.com/search?q=Zara+Oversized+Linen+Blend+Casual+Shirt,2026-09-12
Zara Oversized Linen Blend Casual Shirt,Fashion,Tata CLiQ,2559.66,2990.0,14.4,4.8,Out of Stock,https://www.tatacliq.com/search?q=Zara+Oversized+Linen+Blend+Casual+Shirt,2026-09-11
H&M Regular Fit Denim Trucker Jacket,Fashion,Amazon,2879.04,2999.0,4.0,4.1,In Stock,https://www.amazon.in/search?q=H&M+Regular+Fit+Denim+Trucker+Jacket,2026-09-11
H&M Regular Fit Denim Trucker Jacket,Fashion,Flipkart,2665.92,2999.0,11.1,4.9,In Stock,https://www.flipkart.com/search?q=H&M+Regular+Fit+Denim+Trucker+Jacket,2026-09-18
H&M Regular Fit Denim Trucker Jacket,Fashion,Myntra,2710.19,2999.0,9.6,4.4,In Stock,https://www.myntra.com/search?q=H&M+Regular+Fit+Denim+Trucker+Jacket,2026-09-13
H&M Regular Fit Denim Trucker Jacket,Fashion,Ajio,2879.04,2999.0,4.0,4.3,In Stock,https://www.ajio.com/search?q=H&M+Regular+Fit+Denim+Trucker+Jacket,2026-09-23
H&M Regular Fit Denim Trucker Jacket,Fashion,Tata CLiQ,2719.71,2999.0,9.3,4.1,In Stock,https://www.tatacliq.com/search?q=H&M+Regular+Fit+Denim+Trucker+Jacket,2026-09-22
H&M Slim Fit Cotton Chino Trousers,Fashion,Amazon,1609.19,1999.0,19.5,4.8,In Stock,https://www.amazon.in/search?q=H&M+Slim+Fit+Cotton+Chino+Trousers,2026-09-17
H&M Slim Fit Cotton Chino Trousers,Fashion,Flipkart,1795.98,1999.0,10.2,3.9,Out of Stock,https://www.flipkart.com/search?q=H&M+Slim+Fit+Cotton+Chino+Trousers,2026-09-18
H&M Slim Fit Cotton Chino Trousers,Fashion,Myntra,1817.51,1999.0,9.1,4.1,In Stock,https://www.myntra.com/search?q=H&M+Slim+Fit+Cotton+Chino+Trousers,2026-09-13
H&M Slim Fit Cotton Chino Trousers,Fashion,Ajio,1850.52,1999.0,7.4,4.4,In Stock,https://www.ajio.com/search?q=H&M+Slim+Fit+Cotton+Chino+Trousers,2026-09-21
H&M Slim Fit Cotton Chino Trousers,Fashion,Tata CLiQ,1606.72,1999.0,19.6,3.9,In Stock,https://www.tatacliq.com/search?q=H&M+Slim+Fit+Cotton+Chino+Trousers,2026-09-21
Allen Solly Men's Slim Fit Casual Chinos,Fashion,Amazon,1846.72,2199.0,16.0,4.8,Limited Stock,https://www.amazon.in/search?q=Allen+Solly+Men's+Slim+Fit+Casual+Chinos,2026-09-13
Allen Solly Men's Slim Fit Casual Chinos,Fashion,Flipkart,2102.17,2199.0,4.4,4.8,In Stock,https://www.flipkart.com/search?q=Allen+Solly+Men's+Slim+Fit+Casual+Chinos,2026-09-16
Allen Solly Men's Slim Fit Casual Chinos,Fashion,Myntra,1698.7,2199.0,22.8,4.3,In Stock,https://www.myntra.com/search?q=Allen+Solly+Men's+Slim+Fit+Casual+Chinos,2026-09-16
Allen Solly Men's Slim Fit Casual Chinos,Fashion,Ajio,1860.2,2199.0,15.4,4.8,In Stock,https://www.ajio.com/search?q=Allen+Solly+Men's+Slim+Fit+Casual+Chinos,2026-09-13
Allen Solly Men's Slim Fit Casual Chinos,Fashion,Tata CLiQ,1974.95,2199.0,10.2,4.1,In Stock,https://www.tatacliq.com/search?q=Allen+Solly+Men's+Slim+Fit+Casual+Chinos,2026-09-12
Peter England Men's Slim Fit Formal Trouser,Fashion,Amazon,1344.01,1599.0,15.9,4.4,In Stock,https://www.amazon.in/search?q=Peter+England+Men's+Slim+Fit+Formal+Trouser,2026-09-11
Peter England Men's Slim Fit Formal Trouser,Fashion,Flipkart,1526.15,1599.0,4.6,4.4,In Stock,https://www.flipkart.com/search?q=Peter+England+Men's+Slim+Fit+Formal+Trouser,2026-09-16
Peter England Men's Slim Fit Formal Trouser,Fashion,Myntra,1463.5,1599.0,8.5,4.7,In Stock,https://www.myntra.com/search?q=Peter+England+Men's+Slim+Fit+Formal+Trouser,2026-09-15
Peter England Men's Slim Fit Formal Trouser,Fashion,Ajio,1404.08,1599.0,12.2,3.9,In Stock,https://www.ajio.com/search?q=Peter+England+Men's+Slim+Fit+Formal+Trouser,2026-09-13
Peter England Men's Slim Fit Formal Trouser,Fashion,Tata CLiQ,1512.38,1599.0,5.4,4.3,In Stock,https://www.tatacliq.com/search?q=Peter+England+Men's+Slim+Fit+Formal+Trouser,2026-09-17
Van Heusen Men's Formal Cotton Shirt,Fashion,Amazon,1520.15,1899.0,19.9,4.6,In Stock,https://www.amazon.in/search?q=Van+Heusen+Men's+Formal+Cotton+Shirt,2026-09-12
Van Heusen Men's Formal Cotton Shirt,Fashion,Flipkart,1806.46,1899.0,4.9,3.9,In Stock,https://www.flipkart.com/search?q=Van+Heusen+Men's+Formal+Cotton+Shirt,2026-09-14
Van Heusen Men's Formal Cotton Shirt,Fashion,Myntra,1467.9,1899.0,22.7,4.8,In Stock,https://www.myntra.com/search?q=Van+Heusen+Men's+Formal+Cotton+Shirt,2026-09-11
Van Heusen Men's Formal Cotton Shirt,Fashion,Ajio,1754.63,1899.0,7.6,4.0,In Stock,https://www.ajio.com/search?q=Van+Heusen+Men's+Formal+Cotton+Shirt,2026-09-15
Van Heusen Men's Formal Cotton Shirt,Fashion,Tata CLiQ,1513.33,1899.0,20.3,4.3,Out of Stock,https://www.tatacliq.com/search?q=Van+Heusen+Men's+Formal+Cotton+Shirt,2026-09-19
Arrow Men's Classic Formal White Shirt,Fashion,Amazon,1791.27,2299.0,22.1,4.2,In Stock,https://www.amazon.in/search?q=Arrow+Men's+Classic+Formal+White+Shirt,2026-09-15
Arrow Men's Classic Formal White Shirt,Fashion,Flipkart,2125.83,2299.0,7.5,4.7,In Stock,https://www.flipkart.com/search?q=Arrow+Men's+Classic+Formal+White+Shirt,2026-09-17
Arrow Men's Classic Formal White Shirt,Fashion,Myntra,2137.79,2299.0,7.0,4.9,In Stock,https://www.myntra.com/search?q=Arrow+Men's+Classic+Formal+White+Shirt,2026-09-13
Arrow Men's Classic Formal White Shirt,Fashion,Ajio,2170.69,2299.0,5.6,4.5,In Stock,https://www.ajio.com/search?q=Arrow+Men's+Classic+Formal+White+Shirt,2026-09-17
Arrow Men's Classic Formal White Shirt,Fashion,Tata CLiQ,2092.33,2299.0,9.0,4.3,In Stock,https://www.tatacliq.com/search?q=Arrow+Men's+Classic+Formal+White+Shirt,2026-09-22
Louis Philippe Men's Classic Formal Blazer,Fashion,Amazon,6344.2,7999.0,20.7,3.9,In Stock,https://www.amazon.in/search?q=Louis+Philippe+Men's+Classic+Formal+Blazer,2026-09-19
Louis Philippe Men's Classic Formal Blazer,Fashion,Flipkart,6215.27,7999.0,22.3,4.8,In Stock,https://www.flipkart.com/search?q=Louis+Philippe+Men's+Classic+Formal+Blazer,2026-09-24
Louis Philippe Men's Classic Formal Blazer,Fashion,Myntra,7679.04,7999.0,4.0,4.5,In Stock,https://www.myntra.com/search?q=Louis+Philippe+Men's+Classic+Formal+Blazer,2026-09-25
Louis Philippe Men's Classic Formal Blazer,Fashion,Ajio,7679.04,7999.0,4.0,4.3,In Stock,https://www.ajio.com/search?q=Louis+Philippe+Men's+Classic+Formal+Blazer,2026-09-13
Louis Philippe Men's Classic Formal Blazer,Fashion,Tata CLiQ,7363.28,7999.0,7.9,4.4,In Stock,https://www.tatacliq.com/search?q=Louis+Philippe+Men's+Classic+Formal+Blazer,2026-09-12
Raymond Men's Poly Wool Formal Suit,Fashion,Amazon,8238.76,9999.0,17.6,4.4,In Stock,https://www.amazon.in/search?q=Raymond+Men's+Poly+Wool+Formal+Suit,2026-09-12
Raymond Men's Poly Wool Formal Suit,Fashion,Flipkart,9185.22,9999.0,8.1,4.0,In Stock,https://www.flipkart.com/search?q=Raymond+Men's+Poly+Wool+Formal+Suit,2026-09-22
Raymond Men's Poly Wool Formal Suit,Fashion,Myntra,8992.01,9999.0,10.1,4.4,In Stock,https://www.myntra.com/search?q=Raymond+Men's+Poly+Wool+Formal+Suit,2026-09-14
Raymond Men's Poly Wool Formal Suit,Fashion,Ajio,8341.39,9999.0,16.6,4.3,In Stock,https://www.ajio.com/search?q=Raymond+Men's+Poly+Wool+Formal+Suit,2026-09-20
Raymond Men's Poly Wool Formal Suit,Fashion,Tata CLiQ,7935.73,9999.0,20.6,4.7,In Stock,https://www.tatacliq.com/search?q=Raymond+Men's+Poly+Wool+Formal+Suit,2026-09-19
Biba Floral Print Cotton Anarkali Kurta,Fashion,Amazon,2712.92,2999.0,9.5,4.0,In Stock,https://www.amazon.in/search?q=Biba+Floral+Print+Cotton+Anarkali+Kurta,2026-09-22
Biba Floral Print Cotton Anarkali Kurta,Fashion,Flipkart,2676.26,2999.0,10.8,4.6,In Stock,https://www.flipkart.com/search?q=Biba+Floral+Print+Cotton+Anarkali+Kurta,2026-09-11
Biba Floral Print Cotton Anarkali Kurta,Fashion,Myntra,2667.86,2999.0,11.0,4.3,In Stock,https://www.myntra.com/search?q=Biba+Floral+Print+Cotton+Anarkali+Kurta,2026-09-19
Biba Floral Print Cotton Anarkali Kurta,Fashion,Ajio,2855.62,2999.0,4.8,4.5,Limited Stock,https://www.ajio.com/search?q=Biba+Floral+Print+Cotton+Anarkali+Kurta,2026-09-12
Biba Floral Print Cotton Anarkali Kurta,Fashion,Tata CLiQ,2547.11,2999.0,15.1,4.7,In Stock,https://www.tatacliq.com/search?q=Biba+Floral+Print+Cotton+Anarkali+Kurta,2026-09-19
Biba Embroidered Straight Kurta with Palazzo,Fashion,Amazon,3820.54,4599.0,16.9,4.8,In Stock,https://www.amazon.in/search?q=Biba+Embroidered+Straight+Kurta+with+Palazzo,2026-09-13
Biba Embroidered Straight Kurta with Palazzo,Fashion,Flipkart,3823.29,4599.0,16.9,4.0,In Stock,https://www.flipkart.com/search?q=Biba+Embroidered+Straight+Kurta+with+Palazzo,2026-09-11
Biba Embroidered Straight Kurta with Palazzo,Fashion,Myntra,3527.19,4599.0,23.3,3.8,Limited Stock,https://www.myntra.com/search?q=Biba+Embroidered+Straight+Kurta+with+Palazzo,2026-09-14
Biba Embroidered Straight Kurta with Palazzo,Fashion,Ajio,3675.61,4599.0,20.1,4.3,In Stock,https://www.ajio.com/search?q=Biba+Embroidered+Straight+Kurta+with+Palazzo,2026-09-16
Biba Embroidered Straight Kurta with Palazzo,Fashion,Tata CLiQ,3957.37,4599.0,14.0,4.1,In Stock,https://www.tatacliq.com/search?q=Biba+Embroidered+Straight+Kurta+with+Palazzo,2026-09-21
W for Woman Printed Straight Fit Kurta,Fashion,Amazon,2147.23,2499.0,14.1,4.2,In Stock,https://www.amazon.in/search?q=W+for+Woman+Printed+Straight+Fit+Kurta,2026-09-17
W for Woman Printed Straight Fit Kurta,Fashion,Flipkart,2143.29,2499.0,14.2,4.7,In Stock,https://www.flipkart.com/search?q=W+for+Woman+Printed+Straight+Fit+Kurta,2026-09-13
W for Woman Printed Straight Fit Kurta,Fashion,Myntra,1874.62,2499.0,25.0,4.2,In Stock,https://www.myntra.com/search?q=W+for+Woman+Printed+Straight+Fit+Kurta,2026-09-16
W for Woman Printed Straight Fit Kurta,Fashion,Ajio,2033.05,2499.0,18.6,3.8,In Stock,https://www.ajio.com/search?q=W+for+Woman+Printed+Straight+Fit+Kurta,2026-09-16
W for Woman Printed Straight Fit Kurta,Fashion,Tata CLiQ,2155.46,2499.0,13.7,4.0,In Stock,https://www.tatacliq.com/search?q=W+for+Woman+Printed+Straight+Fit+Kurta,2026-09-19
Aurelia Geometric Print Cotton Kurta,Fashion,Amazon,1541.61,1699.0,9.3,4.4,Limited Stock,https://www.amazon.in/search?q=Aurelia+Geometric+Print+Cotton+Kurta,2026-09-20
Aurelia Geometric Print Cotton Kurta,Fashion,Flipkart,1389.47,1699.0,18.2,4.9,In Stock,https://www.flipkart.com/search?q=Aurelia+Geometric+Print+Cotton+Kurta,2026-09-18
Aurelia Geometric Print Cotton Kurta,Fashion,Myntra,1368.38,1699.0,19.5,4.2,In Stock,https://www.myntra.com/search?q=Aurelia+Geometric+Print+Cotton+Kurta,2026-09-17
Aurelia Geometric Print Cotton Kurta,Fashion,Ajio,1354.45,1699.0,20.3,4.4,In Stock,https://www.ajio.com/search?q=Aurelia+Geometric+Print+Cotton+Kurta,2026-09-25
Aurelia Geometric Print Cotton Kurta,Fashion,Tata CLiQ,1326.9,1699.0,21.9,3.9,In Stock,https://www.tatacliq.com/search?q=Aurelia+Geometric+Print+Cotton+Kurta,2026-09-25
Manyavar Men's Embroidered Silk Kurta Set,Fashion,Amazon,6049.27,6999.0,13.6,4.7,In Stock,https://www.amazon.in/search?q=Manyavar+Men's+Embroidered+Silk+Kurta+Set,2026-09-14
Manyavar Men's Embroidered Silk Kurta Set,Fashion,Flipkart,6604.99,6999.0,5.6,4.3,In Stock,https://www.flipkart.com/search?q=Manyavar+Men's+Embroidered+Silk+Kurta+Set,2026-09-15
Manyavar Men's Embroidered Silk Kurta Set,Fashion,Myntra,5727.69,6999.0,18.2,4.3,In Stock,https://www.myntra.com/search?q=Manyavar+Men's+Embroidered+Silk+Kurta+Set,2026-09-25
Manyavar Men's Embroidered Silk Kurta Set,Fashion,Ajio,6271.96,6999.0,10.4,3.8,In Stock,https://www.ajio.com/search?q=Manyavar+Men's+Embroidered+Silk+Kurta+Set,2026-09-17
Manyavar Men's Embroidered Silk Kurta Set,Fashion,Tata CLiQ,6457.96,6999.0,7.7,4.7,In Stock,https://www.tatacliq.com/search?q=Manyavar+Men's+Embroidered+Silk+Kurta+Set,2026-09-13
Manyavar Men's Jacquard Silk Indo-Western Set,Fashion,Amazon,8118.55,8999.0,9.8,4.8,In Stock,https://www.amazon.in/search?q=Manyavar+Men's+Jacquard+Silk+Indo-Western+Set,2026-09-22
Manyavar Men's Jacquard Silk Indo-Western Set,Fashion,Flipkart,7920.13,8999.0,12.0,4.7,In Stock,https://www.flipkart.com/search?q=Manyavar+Men's+Jacquard+Silk+Indo-Western+Set,2026-09-19
Manyavar Men's Jacquard Silk Indo-Western Set,Fashion,Myntra,7011.93,8999.0,22.1,4.3,In Stock,https://www.myntra.com/search?q=Manyavar+Men's+Jacquard+Silk+Indo-Western+Set,2026-09-14
Manyavar Men's Jacquard Silk Indo-Western Set,Fashion,Ajio,7711.23,8999.0,14.3,4.7,In Stock,https://www.ajio.com/search?q=Manyavar+Men's+Jacquard+Silk+Indo-Western+Set,2026-09-12
Manyavar Men's Jacquard Silk Indo-Western Set,Fashion,Tata CLiQ,8424.58,8999.0,6.4,4.2,In Stock,https://www.tatacliq.com/search?q=Manyavar+Men's+Jacquard+Silk+Indo-Western+Set,2026-09-18
FabIndia Cotton Hand Block Print Short Kurta,Fashion,Amazon,1910.4,1990.0,4.0,4.0,In Stock,https://www.amazon.in/search?q=FabIndia+Cotton+Hand+Block+Print+Short+Kurta,2026-09-19
FabIndia Cotton Hand Block Print Short Kurta,Fashion,Flipkart,1784.04,1990.0,10.3,4.9,Out of Stock,https://www.flipkart.com/search?q=FabIndia+Cotton+Hand+Block+Print+Short+Kurta,2026-09-11
FabIndia Cotton Hand Block Print Short Kurta,Fashion,Myntra,1870.76,1990.0,6.0,4.0,In Stock,https://www.myntra.com/search?q=FabIndia+Cotton+Hand+Block+Print+Short+Kurta,2026-09-11
FabIndia Cotton Hand Block Print Short Kurta,Fashion,Ajio,1835.66,1990.0,7.8,4.8,In Stock,https://www.ajio.com/search?q=FabIndia+Cotton+Hand+Block+Print+Short+Kurta,2026-09-21
FabIndia Cotton Hand Block Print Short Kurta,Fashion,Tata CLiQ,1626.49,1990.0,18.3,3.8,Limited Stock,https://www.tatacliq.com/search?q=FabIndia+Cotton+Hand+Block+Print+Short+Kurta,2026-09-20
Fastrack Casual Analog Watch for Men,Fashion,Amazon,1786.58,1895.0,5.7,4.0,In Stock,https://www.amazon.in/search?q=Fastrack+Casual+Analog+Watch+for+Men,2026-09-12
Fastrack Casual Analog Watch for Men,Fashion,Flipkart,1818.63,1895.0,4.0,4.0,In Stock,https://www.flipkart.com/search?q=Fastrack+Casual+Analog+Watch+for+Men,2026-09-12
Fastrack Casual Analog Watch for Men,Fashion,Myntra,1510.54,1895.0,20.3,4.4,In Stock,https://www.myntra.com/search?q=Fastrack+Casual+Analog+Watch+for+Men,2026-09-14
Fastrack Casual Analog Watch for Men,Fashion,Ajio,1516.58,1895.0,20.0,4.6,In Stock,https://www.ajio.com/search?q=Fastrack+Casual+Analog+Watch+for+Men,2026-09-20
Fastrack Casual Analog Watch for Men,Fashion,Tata CLiQ,1676.88,1895.0,11.5,4.7,In Stock,https://www.tatacliq.com/search?q=Fastrack+Casual+Analog+Watch+for+Men,2026-09-13
Casio Vintage Digital Unisex Watch A168WA,Fashion,Amazon,2250.82,2695.0,16.5,4.9,In Stock,https://www.amazon.in/search?q=Casio+Vintage+Digital+Unisex+Watch+A168WA,2026-09-15
Casio Vintage Digital Unisex Watch A168WA,Fashion,Flipkart,2109.69,2695.0,21.7,4.3,In Stock,https://www.flipkart.com/search?q=Casio+Vintage+Digital+Unisex+Watch+A168WA,2026-09-19
Casio Vintage Digital Unisex Watch A168WA,Fashion,Myntra,2203.08,2695.0,18.3,4.5,In Stock,https://www.myntra.com/search?q=Casio+Vintage+Digital+Unisex+Watch+A168WA,2026-09-16
Casio Vintage Digital Unisex Watch A168WA,Fashion,Ajio,2535.84,2695.0,5.9,3.9,In Stock,https://www.ajio.com/search?q=Casio+Vintage+Digital+Unisex+Watch+A168WA,2026-09-19
Casio Vintage Digital Unisex Watch A168WA,Fashion,Tata CLiQ,2190.05,2695.0,18.7,4.6,In Stock,https://www.tatacliq.com/search?q=Casio+Vintage+Digital+Unisex+Watch+A168WA,2026-09-24
Casio G-Shock GA-2100 Black Dial Watch,Fashion,Amazon,6726.61,8495.0,20.8,4.3,In Stock,https://www.amazon.in/search?q=Casio+G-Shock+GA-2100+Black+Dial+Watch,2026-09-24
Casio G-Shock GA-2100 Black Dial Watch,Fashion,Flipkart,8077.86,8495.0,4.9,4.3,In Stock,https://www.flipkart.com/search?q=Casio+G-Shock+GA-2100+Black+Dial+Watch,2026-09-19
Casio G-Shock GA-2100 Black Dial Watch,Fashion,Myntra,8086.49,8495.0,4.8,4.4,In Stock,https://www.myntra.com/search?q=Casio+G-Shock+GA-2100+Black+Dial+Watch,2026-09-13
Casio G-Shock GA-2100 Black Dial Watch,Fashion,Ajio,7745.15,8495.0,8.8,4.1,In Stock,https://www.ajio.com/search?q=Casio+G-Shock+GA-2100+Black+Dial+Watch,2026-09-24
Casio G-Shock GA-2100 Black Dial Watch,Fashion,Tata CLiQ,7024.09,8495.0,17.3,4.9,In Stock,https://www.tatacliq.com/search?q=Casio+G-Shock+GA-2100+Black+Dial+Watch,2026-09-17
Fossil Grant Chronograph Leather Watch,Fashion,Amazon,8999.24,9995.0,10.0,4.0,In Stock,https://www.amazon.in/search?q=Fossil+Grant+Chronograph+Leather+Watch,2026-09-18
Fossil Grant Chronograph Leather Watch,Fashion,Flipkart,9537.85,9995.0,4.6,4.1,In Stock,https://www.flipkart.com/search?q=Fossil+Grant+Chronograph+Leather+Watch,2026-09-13
Fossil Grant Chronograph Leather Watch,Fashion,Myntra,9203.54,9995.0,7.9,4.1,In Stock,https://www.myntra.com/search?q=Fossil+Grant+Chronograph+Leather+Watch,2026-09-16
Fossil Grant Chronograph Leather Watch,Fashion,Ajio,8821.53,9995.0,11.7,3.9,In Stock,https://www.ajio.com/search?q=Fossil+Grant+Chronograph+Leather+Watch,2026-09-19
Fossil Grant Chronograph Leather Watch,Fashion,Tata CLiQ,8339.34,9995.0,16.6,4.7,In Stock,https://www.tatacliq.com/search?q=Fossil+Grant+Chronograph+Leather+Watch,2026-09-20
Fossil Jacqueline Women's Analog Watch,Fashion,Amazon,6785.48,8495.0,20.1,4.5,In Stock,https://www.amazon.in/search?q=Fossil+Jacqueline+Women's+Analog+Watch,2026-09-21
Fossil Jacqueline Women's Analog Watch,Fashion,Flipkart,6706.9,8495.0,21.0,4.0,In Stock,https://www.flipkart.com/search?q=Fossil+Jacqueline+Women's+Analog+Watch,2026-09-19
Fossil Jacqueline Women's Analog Watch,Fashion,Myntra,7375.99,8495.0,13.2,4.6,In Stock,https://www.myntra.com/search?q=Fossil+Jacqueline+Women's+Analog+Watch,2026-09-16
Fossil Jacqueline Women's Analog Watch,Fashion,Ajio,7651.65,8495.0,9.9,4.1,In Stock,https://www.ajio.com/search?q=Fossil+Jacqueline+Women's+Analog+Watch,2026-09-20
Fossil Jacqueline Women's Analog Watch,Fashion,Tata CLiQ,7276.27,8495.0,14.3,4.5,In Stock,https://www.tatacliq.com/search?q=Fossil+Jacqueline+Women's+Analog+Watch,2026-09-15
Titan Neo Analog Dial Men's Watch,Fashion,Amazon,4230.86,4495.0,5.9,4.6,Limited Stock,https://www.amazon.in/search?q=Titan+Neo+Analog+Dial+Men's+Watch,2026-09-22
Titan Neo Analog Dial Men's Watch,Fashion,Flipkart,4112.08,4495.0,8.5,4.6,In Stock,https://www.flipkart.com/search?q=Titan+Neo+Analog+Dial+Men's+Watch,2026-09-13
Titan Neo Analog Dial Men's Watch,Fashion,Myntra,3598.93,4495.0,19.9,4.0,In Stock,https://www.myntra.com/search?q=Titan+Neo+Analog+Dial+Men's+Watch,2026-09-21
Titan Neo Analog Dial Men's Watch,Fashion,Ajio,3726.44,4495.0,17.1,4.7,In Stock,https://www.ajio.com/search?q=Titan+Neo+Analog+Dial+Men's+Watch,2026-09-16
Titan Neo Analog Dial Men's Watch,Fashion,Tata CLiQ,3914.59,4495.0,12.9,4.4,Limited Stock,https://www.tatacliq.com/search?q=Titan+Neo+Analog+Dial+Men's+Watch,2026-09-14
Titan Raga Aurora Women's Analog Watch,Fashion,Amazon,6692.34,6995.0,4.3,4.9,In Stock,https://www.amazon.in/search?q=Titan+Raga+Aurora+Women's+Analog+Watch,2026-09-13
Titan Raga Aurora Women's Analog Watch,Fashion,Flipkart,5879.43,6995.0,15.9,3.9,In Stock,https://www.flipkart.com/search?q=Titan+Raga+Aurora+Women's+Analog+Watch,2026-09-15
Titan Raga Aurora Women's Analog Watch,Fashion,Myntra,6354.94,6995.0,9.2,4.5,In Stock,https://www.myntra.com/search?q=Titan+Raga+Aurora+Women's+Analog+Watch,2026-09-15
Titan Raga Aurora Women's Analog Watch,Fashion,Ajio,6233.96,6995.0,10.9,4.6,Out of Stock,https://www.ajio.com/search?q=Titan+Raga+Aurora+Women's+Analog+Watch,2026-09-19
Titan Raga Aurora Women's Analog Watch,Fashion,Tata CLiQ,6645.12,6995.0,5.0,4.0,In Stock,https://www.tatacliq.com/search?q=Titan+Raga+Aurora+Women's+Analog+Watch,2026-09-17
Ray-Ban Classic Aviator Sunglasses RB3025,Fashion,Amazon,7223.56,8590.0,15.9,4.3,In Stock,https://www.amazon.in/search?q=Ray-Ban+Classic+Aviator+Sunglasses+RB3025,2026-09-13
Ray-Ban Classic Aviator Sunglasses RB3025,Fashion,Flipkart,7069.01,8590.0,17.7,4.0,Out of Stock,https://www.flipkart.com/search?q=Ray-Ban+Classic+Aviator+Sunglasses+RB3025,2026-09-18
Ray-Ban Classic Aviator Sunglasses RB3025,Fashion,Myntra,7615.7,8590.0,11.3,4.9,In Stock,https://www.myntra.com/search?q=Ray-Ban+Classic+Aviator+Sunglasses+RB3025,2026-09-14
Ray-Ban Classic Aviator Sunglasses RB3025,Fashion,Ajio,8036.27,8590.0,6.4,4.3,In Stock,https://www.ajio.com/search?q=Ray-Ban+Classic+Aviator+Sunglasses+RB3025,2026-09-18
Ray-Ban Classic Aviator Sunglasses RB3025,Fashion,Tata CLiQ,8057.94,8590.0,6.2,4.6,In Stock,https://www.tatacliq.com/search?q=Ray-Ban+Classic+Aviator+Sunglasses+RB3025,2026-09-24
Ray-Ban Wayfarer Classic Sunglasses RB2140,Fashion,Amazon,6455.52,7990.0,19.2,3.9,In Stock,https://www.amazon.in/search?q=Ray-Ban+Wayfarer+Classic+Sunglasses+RB2140,2026-09-15
Ray-Ban Wayfarer Classic Sunglasses RB2140,Fashion,Flipkart,6627.88,7990.0,17.0,4.8,In Stock,https://www.flipkart.com/search?q=Ray-Ban+Wayfarer+Classic+Sunglasses+RB2140,2026-09-17
Ray-Ban Wayfarer Classic Sunglasses RB2140,Fashion,Myntra,7464.66,7990.0,6.6,4.4,Out of Stock,https://www.myntra.com/search?q=Ray-Ban+Wayfarer+Classic+Sunglasses+RB2140,2026-09-22
Ray-Ban Wayfarer Classic Sunglasses RB2140,Fashion,Ajio,6704.89,7990.0,16.1,4.0,In Stock,https://www.ajio.com/search?q=Ray-Ban+Wayfarer+Classic+Sunglasses+RB2140,2026-09-19
Ray-Ban Wayfarer Classic Sunglasses RB2140,Fashion,Tata CLiQ,6797.24,7990.0,14.9,4.0,In Stock,https://www.tatacliq.com/search?q=Ray-Ban+Wayfarer+Classic+Sunglasses+RB2140,2026-09-19
Oakley Holbrook Polarized Sunglasses,Fashion,Amazon,8937.86,9490.0,5.8,4.1,In Stock,https://www.amazon.in/search?q=Oakley+Holbrook+Polarized+Sunglasses,2026-09-13
Oakley Holbrook Polarized Sunglasses,Fashion,Flipkart,9110.4,9490.0,4.0,4.8,In Stock,https://www.flipkart.com/search?q=Oakley+Holbrook+Polarized+Sunglasses,2026-09-20
Oakley Holbrook Polarized Sunglasses,Fashion,Myntra,8942.95,9490.0,5.8,4.5,In Stock,https://www.myntra.com/search?q=Oakley+Holbrook+Polarized+Sunglasses,2026-09-15
Oakley Holbrook Polarized Sunglasses,Fashion,Ajio,8651.1,9490.0,8.8,4.2,In Stock,https://www.ajio.com/search?q=Oakley+Holbrook+Polarized+Sunglasses,2026-09-20
Oakley Holbrook Polarized Sunglasses,Fashion,Tata CLiQ,7679.8,9490.0,19.1,4.7,In Stock,https://www.tatacliq.com/search?q=Oakley+Holbrook+Polarized+Sunglasses,2026-09-21
Wildcraft 45L Cargo Rucksack Backpack,Fashion,Amazon,2872.79,3499.0,17.9,4.5,In Stock,https://www.amazon.in/search?q=Wildcraft+45L+Cargo+Rucksack+Backpack,2026-09-22
Wildcraft 45L Cargo Rucksack Backpack,Fashion,Flipkart,3299.98,3499.0,5.7,4.6,In Stock,https://www.flipkart.com/search?q=Wildcraft+45L+Cargo+Rucksack+Backpack,2026-09-19
Wildcraft 45L Cargo Rucksack Backpack,Fashion,Myntra,2904.93,3499.0,17.0,4.3,In Stock,https://www.myntra.com/search?q=Wildcraft+45L+Cargo+Rucksack+Backpack,2026-09-17
Wildcraft 45L Cargo Rucksack Backpack,Fashion,Ajio,2943.63,3499.0,15.9,4.9,In Stock,https://www.ajio.com/search?q=Wildcraft+45L+Cargo+Rucksack+Backpack,2026-09-18
Wildcraft 45L Cargo Rucksack Backpack,Fashion,Tata CLiQ,3230.06,3499.0,7.7,4.7,In Stock,https://www.tatacliq.com/search?q=Wildcraft+45L+Cargo+Rucksack+Backpack,2026-09-12
American Tourister 68cm Trolley Bag Suitcase,Fashion,Amazon,4703.04,4899.0,4.0,4.0,In Stock,https://www.amazon.in/search?q=American+Tourister+68cm+Trolley+Bag+Suitcase,2026-09-17
American Tourister 68cm Trolley Bag Suitcase,Fashion,Flipkart,4265.73,4899.0,12.9,4.6,In Stock,https://www.flipkart.com/search?q=American+Tourister+68cm+Trolley+Bag+Suitcase,2026-09-12
American Tourister 68cm Trolley Bag Suitcase,Fashion,Myntra,4503.93,4899.0,8.1,4.4,In Stock,https://www.myntra.com/search?q=American+Tourister+68cm+Trolley+Bag+Suitcase,2026-09-22
American Tourister 68cm Trolley Bag Suitcase,Fashion,Ajio,4582.65,4899.0,6.5,4.4,In Stock,https://www.ajio.com/search?q=American+Tourister+68cm+Trolley+Bag+Suitcase,2026-09-18
American Tourister 68cm Trolley Bag Suitcase,Fashion,Tata CLiQ,3881.03,4899.0,20.8,4.3,In Stock,https://www.tatacliq.com/search?q=American+Tourister+68cm+Trolley+Bag+Suitcase,2026-09-16
American Tourister 32L Laptop Backpack,Fashion,Amazon,1894.99,2299.0,17.6,4.7,In Stock,https://www.amazon.in/search?q=American+Tourister+32L+Laptop+Backpack,2026-09-12
American Tourister 32L Laptop Backpack,Fashion,Flipkart,1851.06,2299.0,19.5,4.3,In Stock,https://www.flipkart.com/search?q=American+Tourister+32L+Laptop+Backpack,2026-09-19
American Tourister 32L Laptop Backpack,Fashion,Myntra,1848.09,2299.0,19.6,4.6,In Stock,https://www.myntra.com/search?q=American+Tourister+32L+Laptop+Backpack,2026-09-25
American Tourister 32L Laptop Backpack,Fashion,Ajio,2098.52,2299.0,8.7,4.7,In Stock,https://www.ajio.com/search?q=American+Tourister+32L+Laptop+Backpack,2026-09-24
American Tourister 32L Laptop Backpack,Fashion,Tata CLiQ,2043.42,2299.0,11.1,4.7,In Stock,https://www.tatacliq.com/search?q=American+Tourister+32L+Laptop+Backpack,2026-09-20
Skybags Brat Casual Backpack 30L,Fashion,Amazon,1556.98,1899.0,18.0,4.3,In Stock,https://www.amazon.in/search?q=Skybags+Brat+Casual+Backpack+30L,2026-09-13
Skybags Brat Casual Backpack 30L,Fashion,Flipkart,1791.29,1899.0,5.7,3.9,In Stock,https://www.flipkart.com/search?q=Skybags+Brat+Casual+Backpack+30L,2026-09-21
Skybags Brat Casual Backpack 30L,Fashion,Myntra,1730.9,1899.0,8.9,4.9,In Stock,https://www.myntra.com/search?q=Skybags+Brat+Casual+Backpack+30L,2026-09-16
Skybags Brat Casual Backpack 30L,Fashion,Ajio,1557.24,1899.0,18.0,4.9,In Stock,https://www.ajio.com/search?q=Skybags+Brat+Casual+Backpack+30L,2026-09-24
Skybags Brat Casual Backpack 30L,Fashion,Tata CLiQ,1553.77,1899.0,18.2,4.3,In Stock,https://www.tatacliq.com/search?q=Skybags+Brat+Casual+Backpack+30L,2026-09-21
Safari Thorium 65cm Polycarbonate Hard Luggage,Fashion,Amazon,3664.16,3999.0,8.4,4.8,In Stock,https://www.amazon.in/search?q=Safari+Thorium+65cm+Polycarbonate+Hard+Luggage,2026-09-14
Safari Thorium 65cm Polycarbonate Hard Luggage,Fashion,Flipkart,3716.61,3999.0,7.1,4.7,In Stock,https://www.flipkart.com/search?q=Safari+Thorium+65cm+Polycarbonate+Hard+Luggage,2026-09-23
Safari Thorium 65cm Polycarbonate Hard Luggage,Fashion,Myntra,3568.65,3999.0,10.8,4.3,In Stock,https://www.myntra.com/search?q=Safari+Thorium+65cm+Polycarbonate+Hard+Luggage,2026-09-15
Safari Thorium 65cm Polycarbonate Hard Luggage,Fashion,Ajio,3245.16,3999.0,18.9,4.2,In Stock,https://www.ajio.com/search?q=Safari+Thorium+65cm+Polycarbonate+Hard+Luggage,2026-09-14
Safari Thorium 65cm Polycarbonate Hard Luggage,Fashion,Tata CLiQ,3416.62,3999.0,14.6,4.8,In Stock,https://www.tatacliq.com/search?q=Safari+Thorium+65cm+Polycarbonate+Hard+Luggage,2026-09-25
Woodland Men's Leather Casual Boots,Fashion,Amazon,3316.26,4295.0,22.8,3.9,Out of Stock,https://www.amazon.in/search?q=Woodland+Men's+Leather+Casual+Boots,2026-09-15
Woodland Men's Leather Casual Boots,Fashion,Flipkart,3823.19,4295.0,11.0,3.9,In Stock,https://www.flipkart.com/search?q=Woodland+Men's+Leather+Casual+Boots,2026-09-22
Woodland Men's Leather Casual Boots,Fashion,Myntra,3271.18,4295.0,23.8,4.3,In Stock,https://www.myntra.com/search?q=Woodland+Men's+Leather+Casual+Boots,2026-09-21
Woodland Men's Leather Casual Boots,Fashion,Ajio,3747.5,4295.0,12.7,4.4,In Stock,https://www.ajio.com/search?q=Woodland+Men's+Leather+Casual+Boots,2026-09-20
Woodland Men's Leather Casual Boots,Fashion,Tata CLiQ,3340.83,4295.0,22.2,3.9,In Stock,https://www.tatacliq.com/search?q=Woodland+Men's+Leather+Casual+Boots,2026-09-12
Clarks Men's Tilden Walk Oxford Leather Shoes,Fashion,Amazon,5622.1,5999.0,6.3,4.7,In Stock,https://www.amazon.in/search?q=Clarks+Men's+Tilden+Walk+Oxford+Leather+Shoes,2026-09-25
Clarks Men's Tilden Walk Oxford Leather Shoes,Fashion,Flipkart,5158.23,5999.0,14.0,4.9,Limited Stock,https://www.flipkart.com/search?q=Clarks+Men's+Tilden+Walk+Oxford+Leather+Shoes,2026-09-11
Clarks Men's Tilden Walk Oxford Leather Shoes,Fashion,Myntra,5463.32,5999.0,8.9,4.8,In Stock,https://www.myntra.com/search?q=Clarks+Men's+Tilden+Walk+Oxford+Leather+Shoes,2026-09-15
Clarks Men's Tilden Walk Oxford Leather Shoes,Fashion,Ajio,5759.04,5999.0,4.0,4.5,In Stock,https://www.ajio.com/search?q=Clarks+Men's+Tilden+Walk+Oxford+Leather+Shoes,2026-09-25
Clarks Men's Tilden Walk Oxford Leather Shoes,Fashion,Tata CLiQ,5363.59,5999.0,10.6,4.6,In Stock,https://www.tatacliq.com/search?q=Clarks+Men's+Tilden+Walk+Oxford+Leather+Shoes,2026-09-15
Red Tape Men's Classic Walking Slip-On Shoes,Fashion,Amazon,1631.04,1699.0,4.0,4.0,In Stock,https://www.amazon.in/search?q=Red+Tape+Men's+Classic+Walking+Slip-On+Shoes,2026-09-16
Red Tape Men's Classic Walking Slip-On Shoes,Fashion,Flipkart,1440.23,1699.0,15.2,3.8,In Stock,https://www.flipkart.com/search?q=Red+Tape+Men's+Classic+Walking+Slip-On+Shoes,2026-09-12
Red Tape Men's Classic Walking Slip-On Shoes,Fashion,Myntra,1353.94,1699.0,20.3,4.6,In Stock,https://www.myntra.com/search?q=Red+Tape+Men's+Classic+Walking+Slip-On+Shoes,2026-09-22
Red Tape Men's Classic Walking Slip-On Shoes,Fashion,Ajio,1426.64,1699.0,16.0,3.9,In Stock,https://www.ajio.com/search?q=Red+Tape+Men's+Classic+Walking+Slip-On+Shoes,2026-09-11
Red Tape Men's Classic Walking Slip-On Shoes,Fashion,Tata CLiQ,1501.05,1699.0,11.7,4.7,In Stock,https://www.tatacliq.com/search?q=Red+Tape+Men's+Classic+Walking+Slip-On+Shoes,2026-09-15
Lavie Women's Faux Leather Satchel Handbag,Fashion,Amazon,2439.24,2690.0,9.3,4.4,In Stock,https://www.amazon.in/search?q=Lavie+Women's+Faux+Leather+Satchel+Handbag,2026-09-15
Lavie Women's Faux Leather Satchel Handbag,Fashion,Flipkart,2465.54,2690.0,8.3,4.0,In Stock,https://www.flipkart.com/search?q=Lavie+Women's+Faux+Leather+Satchel+Handbag,2026-09-11
Lavie Women's Faux Leather Satchel Handbag,Fashion,Myntra,2198.0,2690.0,18.3,4.7,In Stock,https://www.myntra.com/search?q=Lavie+Women's+Faux+Leather+Satchel+Handbag,2026-09-24
Lavie Women's Faux Leather Satchel Handbag,Fashion,Ajio,2582.4,2690.0,4.0,4.6,In Stock,https://www.ajio.com/search?q=Lavie+Women's+Faux+Leather+Satchel+Handbag,2026-09-19
Lavie Women's Faux Leather Satchel Handbag,Fashion,Tata CLiQ,2505.22,2690.0,6.9,4.1,In Stock,https://www.tatacliq.com/search?q=Lavie+Women's+Faux+Leather+Satchel+Handbag,2026-09-17
Baggit Structured Women's Tote Bag,Fashion,Amazon,1775.46,2190.0,18.9,4.1,Limited Stock,https://www.amazon.in/search?q=Baggit+Structured+Women's+Tote+Bag,2026-09-25
Baggit Structured Women's Tote Bag,Fashion,Flipkart,1797.82,2190.0,17.9,4.1,In Stock,https://www.flipkart.com/search?q=Baggit+Structured+Women's+Tote+Bag,2026-09-17
Baggit Structured Women's Tote Bag,Fashion,Myntra,1943.01,2190.0,11.3,4.5,In Stock,https://www.myntra.com/search?q=Baggit+Structured+Women's+Tote+Bag,2026-09-13
Baggit Structured Women's Tote Bag,Fashion,Ajio,1879.65,2190.0,14.2,3.9,In Stock,https://www.ajio.com/search?q=Baggit+Structured+Women's+Tote+Bag,2026-09-16
Baggit Structured Women's Tote Bag,Fashion,Tata CLiQ,1738.21,2190.0,20.6,3.8,In Stock,https://www.tatacliq.com/search?q=Baggit+Structured+Women's+Tote+Bag,2026-09-20
Caprese Faux Leather Women's Shoulder Bag,Fashion,Amazon,2014.79,2499.0,19.4,4.4,In Stock,https://www.amazon.in/search?q=Caprese+Faux+Leather+Women's+Shoulder+Bag,2026-09-15
Caprese Faux Leather Women's Shoulder Bag,Fashion,Flipkart,2229.5,2499.0,10.8,4.9,In Stock,https://www.flipkart.com/search?q=Caprese+Faux+Leather+Women's+Shoulder+Bag,2026-09-16
Caprese Faux Leather Women's Shoulder Bag,Fashion,Myntra,2297.05,2499.0,8.1,3.8,In Stock,https://www.myntra.com/search?q=Caprese+Faux+Leather+Women's+Shoulder+Bag,2026-09-13
Caprese Faux Leather Women's Shoulder Bag,Fashion,Ajio,2318.58,2499.0,7.2,4.6,In Stock,https://www.ajio.com/search?q=Caprese+Faux+Leather+Women's+Shoulder+Bag,2026-09-19
Caprese Faux Leather Women's Shoulder Bag,Fashion,Tata CLiQ,2307.64,2499.0,7.7,4.4,In Stock,https://www.tatacliq.com/search?q=Caprese+Faux+Leather+Women's+Shoulder+Bag,2026-09-21
Allen Solly Women's Solid Regular Fit Blazer,Fashion,Amazon,3359.04,3499.0,4.0,4.8,Out of Stock,https://www.amazon.in/search?q=Allen+Solly+Women's+Solid+Regular+Fit+Blazer,2026-09-23
Allen Solly Women's Solid Regular Fit Blazer,Fashion,Flipkart,3114.23,3499.0,11.0,4.5,In Stock,https://www.flipkart.com/search?q=Allen+Solly+Women's+Solid+Regular+Fit+Blazer,2026-09-15
Allen Solly Women's Solid Regular Fit Blazer,Fashion,Myntra,3081.95,3499.0,11.9,4.3,Out of Stock,https://www.myntra.com/search?q=Allen+Solly+Women's+Solid+Regular+Fit+Blazer,2026-09-22
Allen Solly Women's Solid Regular Fit Blazer,Fashion,Ajio,3359.04,3499.0,4.0,4.3,In Stock,https://www.ajio.com/search?q=Allen+Solly+Women's+Solid+Regular+Fit+Blazer,2026-09-16
Allen Solly Women's Solid Regular Fit Blazer,Fashion,Tata CLiQ,2935.78,3499.0,16.1,4.5,In Stock,https://www.tatacliq.com/search?q=Allen+Solly+Women's+Solid+Regular+Fit+Blazer,2026-09-25
Calvin Klein Men's Classic Monogram Leather Belt,Fashion,Amazon,2588.97,3199.0,19.1,4.0,Out of Stock,https://www.amazon.in/search?q=Calvin+Klein+Men's+Classic+Monogram+Leather+Belt,2026-09-17
Calvin Klein Men's Classic Monogram Leather Belt,Fashion,Flipkart,2574.04,3199.0,19.5,4.1,In Stock,https://www.flipkart.com/search?q=Calvin+Klein+Men's+Classic+Monogram+Leather+Belt,2026-09-14
Calvin Klein Men's Classic Monogram Leather Belt,Fashion,Myntra,2822.13,3199.0,11.8,4.8,In Stock,https://www.myntra.com/search?q=Calvin+Klein+Men's+Classic+Monogram+Leather+Belt,2026-09-25
Calvin Klein Men's Classic Monogram Leather Belt,Fashion,Ajio,2886.73,3199.0,9.8,4.4,In Stock,https://www.ajio.com/search?q=Calvin+Klein+Men's+Classic+Monogram+Leather+Belt,2026-09-16
Calvin Klein Men's Classic Monogram Leather Belt,Fashion,Tata CLiQ,2701.22,3199.0,15.6,4.4,In Stock,https://www.tatacliq.com/search?q=Calvin+Klein+Men's+Classic+Monogram+Leather+Belt,2026-09-12
Wildhorn Men's Genuine Leather Bifold Wallet,Fashion,Amazon,793.92,899.0,11.7,4.1,In Stock,https://www.amazon.in/search?q=Wildhorn+Men's+Genuine+Leather+Bifold+Wallet,2026-09-16
Wildhorn Men's Genuine Leather Bifold Wallet,Fashion,Flipkart,843.47,899.0,6.2,4.6,In Stock,https://www.flipkart.com/search?q=Wildhorn+Men's+Genuine+Leather+Bifold+Wallet,2026-09-12
Wildhorn Men's Genuine Leather Bifold Wallet,Fashion,Myntra,793.77,899.0,11.7,4.3,In Stock,https://www.myntra.com/search?q=Wildhorn+Men's+Genuine+Leather+Bifold+Wallet,2026-09-23
Wildhorn Men's Genuine Leather Bifold Wallet,Fashion,Ajio,722.78,899.0,19.6,3.8,In Stock,https://www.ajio.com/search?q=Wildhorn+Men's+Genuine+Leather+Bifold+Wallet,2026-09-14
Wildhorn Men's Genuine Leather Bifold Wallet,Fashion,Tata CLiQ,767.83,899.0,14.6,4.2,In Stock,https://www.tatacliq.com/search?q=Wildhorn+Men's+Genuine+Leather+Bifold+Wallet,2026-09-14
Cetaphil Gentle Skin Cleanser 250ml,Beauty,Amazon,518.45,645.0,19.6,4.4,In Stock,https://www.amazon.in/search?q=Cetaphil+Gentle+Skin+Cleanser+250ml,2026-09-15
Cetaphil Gentle Skin Cleanser 250ml,Beauty,Flipkart,589.55,645.0,8.6,4.7,Out of Stock,https://www.flipkart.com/search?q=Cetaphil+Gentle+Skin+Cleanser+250ml,2026-09-19
Cetaphil Gentle Skin Cleanser 250ml,Beauty,Nykaa,560.2,645.0,13.1,4.1,In Stock,https://www.nykaa.com/search?q=Cetaphil+Gentle+Skin+Cleanser+250ml,2026-09-20
Cetaphil Gentle Skin Cleanser 250ml,Beauty,Purplle,573.62,645.0,11.1,4.2,In Stock,https://www.purplle.com/search?q=Cetaphil+Gentle+Skin+Cleanser+250ml,2026-09-13
Cetaphil Gentle Skin Cleanser 250ml,Beauty,Myntra,538.74,645.0,16.5,4.3,In Stock,https://www.myntra.com/search?q=Cetaphil+Gentle+Skin+Cleanser+250ml,2026-09-18
Cetaphil Moisturizing Lotion 250ml,Beauty,Amazon,467.18,599.0,22.0,4.6,In Stock,https://www.amazon.in/search?q=Cetaphil+Moisturizing+Lotion+250ml,2026-09-13
Cetaphil Moisturizing Lotion 250ml,Beauty,Flipkart,575.04,599.0,4.0,4.3,In Stock,https://www.flipkart.com/search?q=Cetaphil+Moisturizing+Lotion+250ml,2026-09-20
Cetaphil Moisturizing Lotion 250ml,Beauty,Nykaa,475.91,599.0,20.5,3.8,In Stock,https://www.nykaa.com/search?q=Cetaphil+Moisturizing+Lotion+250ml,2026-09-13
Cetaphil Moisturizing Lotion 250ml,Beauty,Purplle,468.62,599.0,21.8,4.6,In Stock,https://www.purplle.com/search?q=Cetaphil+Moisturizing+Lotion+250ml,2026-09-17
Cetaphil Moisturizing Lotion 250ml,Beauty,Myntra,504.29,599.0,15.8,4.9,Out of Stock,https://www.myntra.com/search?q=Cetaphil+Moisturizing+Lotion+250ml,2026-09-23
Cetaphil Bright Healthy Radiance Day Cream SPF 15,Beauty,Amazon,929.88,999.0,6.9,4.8,Limited Stock,https://www.amazon.in/search?q=Cetaphil+Bright+Healthy+Radiance+Day+Cream+SPF+15,2026-09-17
Cetaphil Bright Healthy Radiance Day Cream SPF 15,Beauty,Flipkart,794.44,999.0,20.5,4.3,In Stock,https://www.flipkart.com/search?q=Cetaphil+Bright+Healthy+Radiance+Day+Cream+SPF+15,2026-09-16
Cetaphil Bright Healthy Radiance Day Cream SPF 15,Beauty,Nykaa,932.58,999.0,6.6,4.7,In Stock,https://www.nykaa.com/search?q=Cetaphil+Bright+Healthy+Radiance+Day+Cream+SPF+15,2026-09-16
Cetaphil Bright Healthy Radiance Day Cream SPF 15,Beauty,Purplle,848.55,999.0,15.1,3.9,In Stock,https://www.purplle.com/search?q=Cetaphil+Bright+Healthy+Radiance+Day+Cream+SPF+15,2026-09-12
Cetaphil Bright Healthy Radiance Day Cream SPF 15,Beauty,Myntra,798.29,999.0,20.1,4.6,In Stock,https://www.myntra.com/search?q=Cetaphil+Bright+Healthy+Radiance+Day+Cream+SPF+15,2026-09-20
Minimalist 10% Niacinamide Face Serum 30ml,Beauty,Amazon,548.47,599.0,8.4,4.8,In Stock,https://www.amazon.in/search?q=Minimalist+10%+Niacinamide+Face+Serum+30ml,2026-09-13
Minimalist 10% Niacinamide Face Serum 30ml,Beauty,Flipkart,559.87,599.0,6.5,4.0,In Stock,https://www.flipkart.com/search?q=Minimalist+10%+Niacinamide+Face+Serum+30ml,2026-09-19
Minimalist 10% Niacinamide Face Serum 30ml,Beauty,Nykaa,531.5,599.0,11.3,4.6,In Stock,https://www.nykaa.com/search?q=Minimalist+10%+Niacinamide+Face+Serum+30ml,2026-09-18
Minimalist 10% Niacinamide Face Serum 30ml,Beauty,Purplle,567.71,599.0,5.2,4.0,In Stock,https://www.purplle.com/search?q=Minimalist+10%+Niacinamide+Face+Serum+30ml,2026-09-12
Minimalist 10% Niacinamide Face Serum 30ml,Beauty,Myntra,490.64,599.0,18.1,4.0,In Stock,https://www.myntra.com/search?q=Minimalist+10%+Niacinamide+Face+Serum+30ml,2026-09-23
Minimalist 2% Salicylic Acid Face Serum 30ml,Beauty,Amazon,511.01,549.0,6.9,4.2,In Stock,https://www.amazon.in/search?q=Minimalist+2%+Salicylic+Acid+Face+Serum+30ml,2026-09-15
Minimalist 2% Salicylic Acid Face Serum 30ml,Beauty,Flipkart,448.01,549.0,18.4,4.0,Out of Stock,https://www.flipkart.com/search?q=Minimalist+2%+Salicylic+Acid+Face+Serum+30ml,2026-09-12
Minimalist 2% Salicylic Acid Face Serum 30ml,Beauty,Nykaa,435.23,549.0,20.7,4.1,In Stock,https://www.nykaa.com/search?q=Minimalist+2%+Salicylic+Acid+Face+Serum+30ml,2026-09-13
Minimalist 2% Salicylic Acid Face Serum 30ml,Beauty,Purplle,505.64,549.0,7.9,3.9,In Stock,https://www.purplle.com/search?q=Minimalist+2%+Salicylic+Acid+Face+Serum+30ml,2026-09-22
Minimalist 2% Salicylic Acid Face Serum 30ml,Beauty,Myntra,441.25,549.0,19.6,4.2,In Stock,https://www.myntra.com/search?q=Minimalist+2%+Salicylic+Acid+Face+Serum+30ml,2026-09-15
Minimalist 16% Vitamin C Face Serum 30ml,Beauty,Amazon,603.64,699.0,13.6,4.8,In Stock,https://www.amazon.in/search?q=Minimalist+16%+Vitamin+C+Face+Serum+30ml,2026-09-24
Minimalist 16% Vitamin C Face Serum 30ml,Beauty,Flipkart,598.28,699.0,14.4,4.7,In Stock,https://www.flipkart.com/search?q=Minimalist+16%+Vitamin+C+Face+Serum+30ml,2026-09-12
Minimalist 16% Vitamin C Face Serum 30ml,Beauty,Nykaa,599.2,699.0,14.3,3.8,In Stock,https://www.nykaa.com/search?q=Minimalist+16%+Vitamin+C+Face+Serum+30ml,2026-09-23
Minimalist 16% Vitamin C Face Serum 30ml,Beauty,Purplle,595.66,699.0,14.8,4.6,In Stock,https://www.purplle.com/search?q=Minimalist+16%+Vitamin+C+Face+Serum+30ml,2026-09-19
Minimalist 16% Vitamin C Face Serum 30ml,Beauty,Myntra,633.49,699.0,9.4,4.0,In Stock,https://www.myntra.com/search?q=Minimalist+16%+Vitamin+C+Face+Serum+30ml,2026-09-21
The Ordinary Hyaluronic Acid 2% + B5 30ml,Beauty,Amazon,699.73,750.0,6.7,4.5,In Stock,https://www.amazon.in/search?q=The+Ordinary+Hyaluronic+Acid+2%+++B5+30ml,2026-09-15
The Ordinary Hyaluronic Acid 2% + B5 30ml,Beauty,Flipkart,673.38,750.0,10.2,4.4,In Stock,https://www.flipkart.com/search?q=The+Ordinary+Hyaluronic+Acid+2%+++B5+30ml,2026-09-21
The Ordinary Hyaluronic Acid 2% + B5 30ml,Beauty,Nykaa,646.5,750.0,13.8,4.5,In Stock,https://www.nykaa.com/search?q=The+Ordinary+Hyaluronic+Acid+2%+++B5+30ml,2026-09-22
The Ordinary Hyaluronic Acid 2% + B5 30ml,Beauty,Purplle,594.77,750.0,20.7,4.7,Out of Stock,https://www.purplle.com/search?q=The+Ordinary+Hyaluronic+Acid+2%+++B5+30ml,2026-09-13
The Ordinary Hyaluronic Acid 2% + B5 30ml,Beauty,Myntra,632.55,750.0,15.7,4.7,In Stock,https://www.myntra.com/search?q=The+Ordinary+Hyaluronic+Acid+2%+++B5+30ml,2026-09-16
The Ordinary Niacinamide 10% + Zinc 1% 30ml,Beauty,Amazon,529.32,600.0,11.8,4.0,In Stock,https://www.amazon.in/search?q=The+Ordinary+Niacinamide+10%+++Zinc+1%+30ml,2026-09-22
The Ordinary Niacinamide 10% + Zinc 1% 30ml,Beauty,Flipkart,498.84,600.0,16.9,4.1,In Stock,https://www.flipkart.com/search?q=The+Ordinary+Niacinamide+10%+++Zinc+1%+30ml,2026-09-18
The Ordinary Niacinamide 10% + Zinc 1% 30ml,Beauty,Nykaa,471.1,600.0,21.5,4.9,Out of Stock,https://www.nykaa.com/search?q=The+Ordinary+Niacinamide+10%+++Zinc+1%+30ml,2026-09-24
The Ordinary Niacinamide 10% + Zinc 1% 30ml,Beauty,Purplle,554.63,600.0,7.6,4.4,In Stock,https://www.purplle.com/search?q=The+Ordinary+Niacinamide+10%+++Zinc+1%+30ml,2026-09-14
The Ordinary Niacinamide 10% + Zinc 1% 30ml,Beauty,Myntra,463.76,600.0,22.7,4.0,In Stock,https://www.myntra.com/search?q=The+Ordinary+Niacinamide+10%+++Zinc+1%+30ml,2026-09-13
The Ordinary AHA 30% + BHA 2% Peeling Solution,Beauty,Amazon,739.61,950.0,22.1,4.9,In Stock,https://www.amazon.in/search?q=The+Ordinary+AHA+30%+++BHA+2%+Peeling+Solution,2026-09-22
The Ordinary AHA 30% + BHA 2% Peeling Solution,Beauty,Flipkart,763.93,950.0,19.6,4.6,Limited Stock,https://www.flipkart.com/search?q=The+Ordinary+AHA+30%+++BHA+2%+Peeling+Solution,2026-09-25
The Ordinary AHA 30% + BHA 2% Peeling Solution,Beauty,Nykaa,816.52,950.0,14.1,4.4,In Stock,https://www.nykaa.com/search?q=The+Ordinary+AHA+30%+++BHA+2%+Peeling+Solution,2026-09-22
The Ordinary AHA 30% + BHA 2% Peeling Solution,Beauty,Purplle,742.03,950.0,21.9,4.9,In Stock,https://www.purplle.com/search?q=The+Ordinary+AHA+30%+++BHA+2%+Peeling+Solution,2026-09-23
The Ordinary AHA 30% + BHA 2% Peeling Solution,Beauty,Myntra,885.81,950.0,6.8,4.1,In Stock,https://www.myntra.com/search?q=The+Ordinary+AHA+30%+++BHA+2%+Peeling+Solution,2026-09-17
The Ordinary Caffeine Solution 5% + EGCG,Beauty,Amazon,626.33,700.0,10.5,4.5,In Stock,https://www.amazon.in/search?q=The+Ordinary+Caffeine+Solution+5%+++EGCG,2026-09-20
The Ordinary Caffeine Solution 5% + EGCG,Beauty,Flipkart,542.78,700.0,22.5,4.7,In Stock,https://www.flipkart.com/search?q=The+Ordinary+Caffeine+Solution+5%+++EGCG,2026-09-25
The Ordinary Caffeine Solution 5% + EGCG,Beauty,Nykaa,571.67,700.0,18.3,4.0,In Stock,https://www.nykaa.com/search?q=The+Ordinary+Caffeine+Solution+5%+++EGCG,2026-09-17
The Ordinary Caffeine Solution 5% + EGCG,Beauty,Purplle,524.9,700.0,25.0,4.2,Limited Stock,https://www.purplle.com/search?q=The+Ordinary+Caffeine+Solution+5%+++EGCG,2026-09-19
The Ordinary Caffeine Solution 5% + EGCG,Beauty,Myntra,614.87,700.0,12.2,4.2,Out of Stock,https://www.myntra.com/search?q=The+Ordinary+Caffeine+Solution+5%+++EGCG,2026-09-14
Neutrogena Hydro Boost Water Gel 50g,Beauty,Amazon,818.16,1050.0,22.1,4.9,In Stock,https://www.amazon.in/search?q=Neutrogena+Hydro+Boost+Water+Gel+50g,2026-09-23
Neutrogena Hydro Boost Water Gel 50g,Beauty,Flipkart,889.61,1050.0,15.3,4.8,In Stock,https://www.flipkart.com/search?q=Neutrogena+Hydro+Boost+Water+Gel+50g,2026-09-20
Neutrogena Hydro Boost Water Gel 50g,Beauty,Nykaa,877.85,1050.0,16.4,4.0,In Stock,https://www.nykaa.com/search?q=Neutrogena+Hydro+Boost+Water+Gel+50g,2026-09-14
Neutrogena Hydro Boost Water Gel 50g,Beauty,Purplle,981.47,1050.0,6.5,3.8,In Stock,https://www.purplle.com/search?q=Neutrogena+Hydro+Boost+Water+Gel+50g,2026-09-16
Neutrogena Hydro Boost Water Gel 50g,Beauty,Myntra,794.39,1050.0,24.3,4.9,In Stock,https://www.myntra.com/search?q=Neutrogena+Hydro+Boost+Water+Gel+50g,2026-09-16
Neutrogena Ultra Sheer Dry-Touch Sunscreen SPF 50+,Beauty,Amazon,544.95,675.0,19.3,4.5,In Stock,https://www.amazon.in/search?q=Neutrogena+Ultra+Sheer+Dry-Touch+Sunscreen+SPF+50+,2026-09-24
Neutrogena Ultra Sheer Dry-Touch Sunscreen SPF 50+,Beauty,Flipkart,621.02,675.0,8.0,4.6,In Stock,https://www.flipkart.com/search?q=Neutrogena+Ultra+Sheer+Dry-Touch+Sunscreen+SPF+50+,2026-09-20
Neutrogena Ultra Sheer Dry-Touch Sunscreen SPF 50+,Beauty,Nykaa,526.19,675.0,22.0,3.9,In Stock,https://www.nykaa.com/search?q=Neutrogena+Ultra+Sheer+Dry-Touch+Sunscreen+SPF+50+,2026-09-15
Neutrogena Ultra Sheer Dry-Touch Sunscreen SPF 50+,Beauty,Purplle,594.94,675.0,11.9,3.8,In Stock,https://www.purplle.com/search?q=Neutrogena+Ultra+Sheer+Dry-Touch+Sunscreen+SPF+50+,2026-09-14
Neutrogena Ultra Sheer Dry-Touch Sunscreen SPF 50+,Beauty,Myntra,621.19,675.0,8.0,3.9,In Stock,https://www.myntra.com/search?q=Neutrogena+Ultra+Sheer+Dry-Touch+Sunscreen+SPF+50+,2026-09-19
Neutrogena Deep Clean Gentle Foaming Cleanser 100g,Beauty,Amazon,350.78,399.0,12.1,4.0,In Stock,https://www.amazon.in/search?q=Neutrogena+Deep+Clean+Gentle+Foaming+Cleanser+100g,2026-09-11
Neutrogena Deep Clean Gentle Foaming Cleanser 100g,Beauty,Flipkart,345.88,399.0,13.3,3.9,In Stock,https://www.flipkart.com/search?q=Neutrogena+Deep+Clean+Gentle+Foaming+Cleanser+100g,2026-09-12
Neutrogena Deep Clean Gentle Foaming Cleanser 100g,Beauty,Nykaa,312.99,399.0,21.6,4.0,In Stock,https://www.nykaa.com/search?q=Neutrogena+Deep+Clean+Gentle+Foaming+Cleanser+100g,2026-09-13
Neutrogena Deep Clean Gentle Foaming Cleanser 100g,Beauty,Purplle,352.61,399.0,11.6,4.2,Out of Stock,https://www.purplle.com/search?q=Neutrogena+Deep+Clean+Gentle+Foaming+Cleanser+100g,2026-09-24
Neutrogena Deep Clean Gentle Foaming Cleanser 100g,Beauty,Myntra,311.35,399.0,22.0,4.0,In Stock,https://www.myntra.com/search?q=Neutrogena+Deep+Clean+Gentle+Foaming+Cleanser+100g,2026-09-11
Plum Green Tea Pore Cleansing Face Wash 100ml,Beauty,Amazon,299.64,345.0,13.1,4.9,Limited Stock,https://www.amazon.in/search?q=Plum+Green+Tea+Pore+Cleansing+Face+Wash+100ml,2026-09-14
Plum Green Tea Pore Cleansing Face Wash 100ml,Beauty,Flipkart,277.71,345.0,19.5,4.0,Limited Stock,https://www.flipkart.com/search?q=Plum+Green+Tea+Pore+Cleansing+Face+Wash+100ml,2026-09-23
Plum Green Tea Pore Cleansing Face Wash 100ml,Beauty,Nykaa,309.16,345.0,10.4,4.9,In Stock,https://www.nykaa.com/search?q=Plum+Green+Tea+Pore+Cleansing+Face+Wash+100ml,2026-09-17
Plum Green Tea Pore Cleansing Face Wash 100ml,Beauty,Purplle,277.0,345.0,19.7,4.1,In Stock,https://www.purplle.com/search?q=Plum+Green+Tea+Pore+Cleansing+Face+Wash+100ml,2026-09-22
Plum Green Tea Pore Cleansing Face Wash 100ml,Beauty,Myntra,307.61,345.0,10.8,4.4,In Stock,https://www.myntra.com/search?q=Plum+Green+Tea+Pore+Cleansing+Face+Wash+100ml,2026-09-25
Plum 15% Vitamin C Face Serum 30ml,Beauty,Amazon,696.34,790.0,11.9,4.1,In Stock,https://www.amazon.in/search?q=Plum+15%+Vitamin+C+Face+Serum+30ml,2026-09-16
Plum 15% Vitamin C Face Serum 30ml,Beauty,Flipkart,751.75,790.0,4.8,4.0,In Stock,https://www.flipkart.com/search?q=Plum+15%+Vitamin+C+Face+Serum+30ml,2026-09-24
Plum 15% Vitamin C Face Serum 30ml,Beauty,Nykaa,725.39,790.0,8.2,4.7,In Stock,https://www.nykaa.com/search?q=Plum+15%+Vitamin+C+Face+Serum+30ml,2026-09-11
Plum 15% Vitamin C Face Serum 30ml,Beauty,Purplle,737.64,790.0,6.6,4.4,In Stock,https://www.purplle.com/search?q=Plum+15%+Vitamin+C+Face+Serum+30ml,2026-09-11
Plum 15% Vitamin C Face Serum 30ml,Beauty,Myntra,725.7,790.0,8.1,3.8,In Stock,https://www.myntra.com/search?q=Plum+15%+Vitamin+C+Face+Serum+30ml,2026-09-21
Dot & Key Watermelon Cooling Sunscreen SPF 50,Beauty,Amazon,455.39,495.0,8.0,3.9,In Stock,https://www.amazon.in/search?q=Dot+&+Key+Watermelon+Cooling+Sunscreen+SPF+50,2026-09-15
Dot & Key Watermelon Cooling Sunscreen SPF 50,Beauty,Flipkart,423.99,495.0,14.3,4.7,In Stock,https://www.flipkart.com/search?q=Dot+&+Key+Watermelon+Cooling+Sunscreen+SPF+50,2026-09-13
Dot & Key Watermelon Cooling Sunscreen SPF 50,Beauty,Nykaa,408.27,495.0,17.5,4.7,In Stock,https://www.nykaa.com/search?q=Dot+&+Key+Watermelon+Cooling+Sunscreen+SPF+50,2026-09-19
Dot & Key Watermelon Cooling Sunscreen SPF 50,Beauty,Purplle,395.66,495.0,20.1,4.8,In Stock,https://www.purplle.com/search?q=Dot+&+Key+Watermelon+Cooling+Sunscreen+SPF+50,2026-09-22
Dot & Key Watermelon Cooling Sunscreen SPF 50,Beauty,Myntra,463.02,495.0,6.5,4.8,In Stock,https://www.myntra.com/search?q=Dot+&+Key+Watermelon+Cooling+Sunscreen+SPF+50,2026-09-17
Dot & Key Cica Calming Blemish Clearing Gel,Beauty,Amazon,507.58,595.0,14.7,4.4,Out of Stock,https://www.amazon.in/search?q=Dot+&+Key+Cica+Calming+Blemish+Clearing+Gel,2026-09-23
Dot & Key Cica Calming Blemish Clearing Gel,Beauty,Flipkart,498.34,595.0,16.2,4.0,Out of Stock,https://www.flipkart.com/search?q=Dot+&+Key+Cica+Calming+Blemish+Clearing+Gel,2026-09-22
Dot & Key Cica Calming Blemish Clearing Gel,Beauty,Nykaa,535.11,595.0,10.1,4.3,Out of Stock,https://www.nykaa.com/search?q=Dot+&+Key+Cica+Calming+Blemish+Clearing+Gel,2026-09-19
Dot & Key Cica Calming Blemish Clearing Gel,Beauty,Purplle,482.18,595.0,19.0,4.0,In Stock,https://www.purplle.com/search?q=Dot+&+Key+Cica+Calming+Blemish+Clearing+Gel,2026-09-20
Dot & Key Cica Calming Blemish Clearing Gel,Beauty,Myntra,444.24,595.0,25.3,3.9,In Stock,https://www.myntra.com/search?q=Dot+&+Key+Cica+Calming+Blemish+Clearing+Gel,2026-09-19
Dot & Key Barrier Repair Face Moisturizer 100ml,Beauty,Amazon,467.71,595.0,21.4,4.4,Limited Stock,https://www.amazon.in/search?q=Dot+&+Key+Barrier+Repair+Face+Moisturizer+100ml,2026-09-25
Dot & Key Barrier Repair Face Moisturizer 100ml,Beauty,Flipkart,494.48,595.0,16.9,4.4,In Stock,https://www.flipkart.com/search?q=Dot+&+Key+Barrier+Repair+Face+Moisturizer+100ml,2026-09-19
Dot & Key Barrier Repair Face Moisturizer 100ml,Beauty,Nykaa,502.3,595.0,15.6,4.4,Out of Stock,https://www.nykaa.com/search?q=Dot+&+Key+Barrier+Repair+Face+Moisturizer+100ml,2026-09-24
Dot & Key Barrier Repair Face Moisturizer 100ml,Beauty,Purplle,491.6,595.0,17.4,3.9,In Stock,https://www.purplle.com/search?q=Dot+&+Key+Barrier+Repair+Face+Moisturizer+100ml,2026-09-17
Dot & Key Barrier Repair Face Moisturizer 100ml,Beauty,Myntra,449.47,595.0,24.5,4.1,In Stock,https://www.myntra.com/search?q=Dot+&+Key+Barrier+Repair+Face+Moisturizer+100ml,2026-09-16
L'Oreal Paris Extraordinary Oil Hair Serum 100ml,Beauty,Amazon,614.64,649.0,5.3,4.1,In Stock,https://www.amazon.in/search?q=L'Oreal+Paris+Extraordinary+Oil+Hair+Serum+100ml,2026-09-16
L'Oreal Paris Extraordinary Oil Hair Serum 100ml,Beauty,Flipkart,571.52,649.0,11.9,4.2,In Stock,https://www.flipkart.com/search?q=L'Oreal+Paris+Extraordinary+Oil+Hair+Serum+100ml,2026-09-14
L'Oreal Paris Extraordinary Oil Hair Serum 100ml,Beauty,Nykaa,521.78,649.0,19.6,4.8,Limited Stock,https://www.nykaa.com/search?q=L'Oreal+Paris+Extraordinary+Oil+Hair+Serum+100ml,2026-09-25
L'Oreal Paris Extraordinary Oil Hair Serum 100ml,Beauty,Purplle,525.29,649.0,19.1,4.1,In Stock,https://www.purplle.com/search?q=L'Oreal+Paris+Extraordinary+Oil+Hair+Serum+100ml,2026-09-12
L'Oreal Paris Extraordinary Oil Hair Serum 100ml,Beauty,Myntra,597.44,649.0,7.9,4.8,In Stock,https://www.myntra.com/search?q=L'Oreal+Paris+Extraordinary+Oil+Hair+Serum+100ml,2026-09-14
L'Oreal Paris Hyaluron Moisture Shampoo 650ml,Beauty,Amazon,597.46,749.0,20.2,4.1,In Stock,https://www.amazon.in/search?q=L'Oreal+Paris+Hyaluron+Moisture+Shampoo+650ml,2026-09-15
L'Oreal Paris Hyaluron Moisture Shampoo 650ml,Beauty,Flipkart,675.74,749.0,9.8,4.8,In Stock,https://www.flipkart.com/search?q=L'Oreal+Paris+Hyaluron+Moisture+Shampoo+650ml,2026-09-18
L'Oreal Paris Hyaluron Moisture Shampoo 650ml,Beauty,Nykaa,564.44,749.0,24.6,4.7,In Stock,https://www.nykaa.com/search?q=L'Oreal+Paris+Hyaluron+Moisture+Shampoo+650ml,2026-09-23
L'Oreal Paris Hyaluron Moisture Shampoo 650ml,Beauty,Purplle,629.01,749.0,16.0,4.2,In Stock,https://www.purplle.com/search?q=L'Oreal+Paris+Hyaluron+Moisture+Shampoo+650ml,2026-09-17
L'Oreal Paris Hyaluron Moisture Shampoo 650ml,Beauty,Myntra,693.01,749.0,7.5,4.0,In Stock,https://www.myntra.com/search?q=L'Oreal+Paris+Hyaluron+Moisture+Shampoo+650ml,2026-09-12
L'Oreal Paris Revitalift 1.5% Hyaluronic Acid Serum,Beauty,Amazon,863.04,899.0,4.0,3.9,In Stock,https://www.amazon.in/search?q=L'Oreal+Paris+Revitalift+1.5%+Hyaluronic+Acid+Serum,2026-09-22
L'Oreal Paris Revitalift 1.5% Hyaluronic Acid Serum,Beauty,Flipkart,734.12,899.0,18.3,4.4,In Stock,https://www.flipkart.com/search?q=L'Oreal+Paris+Revitalift+1.5%+Hyaluronic+Acid+Serum,2026-09-24
L'Oreal Paris Revitalift 1.5% Hyaluronic Acid Serum,Beauty,Nykaa,793.42,899.0,11.7,4.3,In Stock,https://www.nykaa.com/search?q=L'Oreal+Paris+Revitalift+1.5%+Hyaluronic+Acid+Serum,2026-09-12
L'Oreal Paris Revitalift 1.5% Hyaluronic Acid Serum,Beauty,Purplle,765.05,899.0,14.9,4.2,In Stock,https://www.purplle.com/search?q=L'Oreal+Paris+Revitalift+1.5%+Hyaluronic+Acid+Serum,2026-09-21
L'Oreal Paris Revitalift 1.5% Hyaluronic Acid Serum,Beauty,Myntra,719.0,899.0,20.0,4.1,In Stock,https://www.myntra.com/search?q=L'Oreal+Paris+Revitalift+1.5%+Hyaluronic+Acid+Serum,2026-09-23
Mamaearth Onion Hair Fall Control Shampoo 400ml,Beauty,Amazon,392.39,499.0,21.4,4.0,In Stock,https://www.amazon.in/search?q=Mamaearth+Onion+Hair+Fall+Control+Shampoo+400ml,2026-09-22
Mamaearth Onion Hair Fall Control Shampoo 400ml,Beauty,Flipkart,452.74,499.0,9.3,4.3,In Stock,https://www.flipkart.com/search?q=Mamaearth+Onion+Hair+Fall+Control+Shampoo+400ml,2026-09-13
Mamaearth Onion Hair Fall Control Shampoo 400ml,Beauty,Nykaa,389.32,499.0,22.0,4.3,In Stock,https://www.nykaa.com/search?q=Mamaearth+Onion+Hair+Fall+Control+Shampoo+400ml,2026-09-23
Mamaearth Onion Hair Fall Control Shampoo 400ml,Beauty,Purplle,475.67,499.0,4.7,4.1,In Stock,https://www.purplle.com/search?q=Mamaearth+Onion+Hair+Fall+Control+Shampoo+400ml,2026-09-21
Mamaearth Onion Hair Fall Control Shampoo 400ml,Beauty,Myntra,397.95,499.0,20.3,4.1,Limited Stock,https://www.myntra.com/search?q=Mamaearth+Onion+Hair+Fall+Control+Shampoo+400ml,2026-09-12
Mamaearth Ubtan Face Wash with Turmeric & Saffron,Beauty,Amazon,343.94,375.0,8.3,4.3,In Stock,https://www.amazon.in/search?q=Mamaearth+Ubtan+Face+Wash+with+Turmeric+&+Saffron,2026-09-12
Mamaearth Ubtan Face Wash with Turmeric & Saffron,Beauty,Flipkart,317.6,375.0,15.3,3.8,Out of Stock,https://www.flipkart.com/search?q=Mamaearth+Ubtan+Face+Wash+with+Turmeric+&+Saffron,2026-09-12
Mamaearth Ubtan Face Wash with Turmeric & Saffron,Beauty,Nykaa,304.03,375.0,18.9,4.5,In Stock,https://www.nykaa.com/search?q=Mamaearth+Ubtan+Face+Wash+with+Turmeric+&+Saffron,2026-09-15
Mamaearth Ubtan Face Wash with Turmeric & Saffron,Beauty,Purplle,360.0,375.0,4.0,4.9,In Stock,https://www.purplle.com/search?q=Mamaearth+Ubtan+Face+Wash+with+Turmeric+&+Saffron,2026-09-12
Mamaearth Ubtan Face Wash with Turmeric & Saffron,Beauty,Myntra,311.22,375.0,17.0,4.8,In Stock,https://www.myntra.com/search?q=Mamaearth+Ubtan+Face+Wash+with+Turmeric+&+Saffron,2026-09-22
Tresemme Keratin Smooth Conditioner 340ml,Beauty,Amazon,346.25,420.0,17.6,4.8,In Stock,https://www.amazon.in/search?q=Tresemme+Keratin+Smooth+Conditioner+340ml,2026-09-13
Tresemme Keratin Smooth Conditioner 340ml,Beauty,Flipkart,366.95,420.0,12.6,4.2,In Stock,https://www.flipkart.com/search?q=Tresemme+Keratin+Smooth+Conditioner+340ml,2026-09-25
Tresemme Keratin Smooth Conditioner 340ml,Beauty,Nykaa,307.75,420.0,26.7,4.1,In Stock,https://www.nykaa.com/search?q=Tresemme+Keratin+Smooth+Conditioner+340ml,2026-09-19
Tresemme Keratin Smooth Conditioner 340ml,Beauty,Purplle,349.25,420.0,16.8,4.9,In Stock,https://www.purplle.com/search?q=Tresemme+Keratin+Smooth+Conditioner+340ml,2026-09-20
Tresemme Keratin Smooth Conditioner 340ml,Beauty,Myntra,375.56,420.0,10.6,4.4,In Stock,https://www.myntra.com/search?q=Tresemme+Keratin+Smooth+Conditioner+340ml,2026-09-11
Tresemme Keratin Smooth Shampoo 580ml,Beauty,Amazon,537.09,620.0,13.4,4.1,In Stock,https://www.amazon.in/search?q=Tresemme+Keratin+Smooth+Shampoo+580ml,2026-09-15
Tresemme Keratin Smooth Shampoo 580ml,Beauty,Flipkart,567.27,620.0,8.5,3.9,In Stock,https://www.flipkart.com/search?q=Tresemme+Keratin+Smooth+Shampoo+580ml,2026-09-21
Tresemme Keratin Smooth Shampoo 580ml,Beauty,Nykaa,506.5,620.0,18.3,4.8,Limited Stock,https://www.nykaa.com/search?q=Tresemme+Keratin+Smooth+Shampoo+580ml,2026-09-11
Tresemme Keratin Smooth Shampoo 580ml,Beauty,Purplle,589.22,620.0,5.0,4.2,In Stock,https://www.purplle.com/search?q=Tresemme+Keratin+Smooth+Shampoo+580ml,2026-09-21
Tresemme Keratin Smooth Shampoo 580ml,Beauty,Myntra,481.5,620.0,22.3,4.2,In Stock,https://www.myntra.com/search?q=Tresemme+Keratin+Smooth+Shampoo+580ml,2026-09-18
Maybelline New York Colossal Waterproof Mascara,Beauty,Amazon,380.9,449.0,15.2,4.8,In Stock,https://www.amazon.in/search?q=Maybelline+New+York+Colossal+Waterproof+Mascara,2026-09-16
Maybelline New York Colossal Waterproof Mascara,Beauty,Flipkart,365.29,449.0,18.6,4.4,In Stock,https://www.flipkart.com/search?q=Maybelline+New+York+Colossal+Waterproof+Mascara,2026-09-19
Maybelline New York Colossal Waterproof Mascara,Beauty,Nykaa,384.29,449.0,14.4,4.8,In Stock,https://www.nykaa.com/search?q=Maybelline+New+York+Colossal+Waterproof+Mascara,2026-09-22
Maybelline New York Colossal Waterproof Mascara,Beauty,Purplle,345.92,449.0,23.0,4.8,Out of Stock,https://www.purplle.com/search?q=Maybelline+New+York+Colossal+Waterproof+Mascara,2026-09-23
Maybelline New York Colossal Waterproof Mascara,Beauty,Myntra,366.41,449.0,18.4,4.7,In Stock,https://www.myntra.com/search?q=Maybelline+New+York+Colossal+Waterproof+Mascara,2026-09-15
Maybelline Fit Me Matte + Poreless Foundation,Beauty,Amazon,522.92,599.0,12.7,3.9,In Stock,https://www.amazon.in/search?q=Maybelline+Fit+Me+Matte+++Poreless+Foundation,2026-09-22
Maybelline Fit Me Matte + Poreless Foundation,Beauty,Flipkart,553.01,599.0,7.7,4.6,In Stock,https://www.flipkart.com/search?q=Maybelline+Fit+Me+Matte+++Poreless+Foundation,2026-09-13
Maybelline Fit Me Matte + Poreless Foundation,Beauty,Nykaa,539.18,599.0,10.0,4.3,In Stock,https://www.nykaa.com/search?q=Maybelline+Fit+Me+Matte+++Poreless+Foundation,2026-09-19
Maybelline Fit Me Matte + Poreless Foundation,Beauty,Purplle,515.18,599.0,14.0,3.8,In Stock,https://www.purplle.com/search?q=Maybelline+Fit+Me+Matte+++Poreless+Foundation,2026-09-20
Maybelline Fit Me Matte + Poreless Foundation,Beauty,Myntra,448.71,599.0,25.1,4.6,In Stock,https://www.myntra.com/search?q=Maybelline+Fit+Me+Matte+++Poreless+Foundation,2026-09-25
Maybelline Superstay Matte Ink Liquid Lipstick,Beauty,Amazon,577.25,699.0,17.4,4.1,In Stock,https://www.amazon.in/search?q=Maybelline+Superstay+Matte+Ink+Liquid+Lipstick,2026-09-20
Maybelline Superstay Matte Ink Liquid Lipstick,Beauty,Flipkart,670.24,699.0,4.1,4.4,In Stock,https://www.flipkart.com/search?q=Maybelline+Superstay+Matte+Ink+Liquid+Lipstick,2026-09-24
Maybelline Superstay Matte Ink Liquid Lipstick,Beauty,Nykaa,604.05,699.0,13.6,4.1,In Stock,https://www.nykaa.com/search?q=Maybelline+Superstay+Matte+Ink+Liquid+Lipstick,2026-09-16
Maybelline Superstay Matte Ink Liquid Lipstick,Beauty,Purplle,609.57,699.0,12.8,4.6,In Stock,https://www.purplle.com/search?q=Maybelline+Superstay+Matte+Ink+Liquid+Lipstick,2026-09-11
Maybelline Superstay Matte Ink Liquid Lipstick,Beauty,Myntra,559.53,699.0,20.0,4.0,Limited Stock,https://www.myntra.com/search?q=Maybelline+Superstay+Matte+Ink+Liquid+Lipstick,2026-09-13
MAC Retro Matte Lipstick - Ruby Woo,Beauty,Amazon,1976.17,2150.0,8.1,4.6,In Stock,https://www.amazon.in/search?q=MAC+Retro+Matte+Lipstick+-+Ruby+Woo,2026-09-14
MAC Retro Matte Lipstick - Ruby Woo,Beauty,Flipkart,1919.9,2150.0,10.7,3.9,In Stock,https://www.flipkart.com/search?q=MAC+Retro+Matte+Lipstick+-+Ruby+Woo,2026-09-13
MAC Retro Matte Lipstick - Ruby Woo,Beauty,Nykaa,1693.82,2150.0,21.2,4.1,In Stock,https://www.nykaa.com/search?q=MAC+Retro+Matte+Lipstick+-+Ruby+Woo,2026-09-25
MAC Retro Matte Lipstick - Ruby Woo,Beauty,Purplle,2033.28,2150.0,5.4,3.9,In Stock,https://www.purplle.com/search?q=MAC+Retro+Matte+Lipstick+-+Ruby+Woo,2026-09-25
MAC Retro Matte Lipstick - Ruby Woo,Beauty,Myntra,1842.89,2150.0,14.3,4.2,In Stock,https://www.myntra.com/search?q=MAC+Retro+Matte+Lipstick+-+Ruby+Woo,2026-09-18
MAC Studio Fix Powder Plus Foundation,Beauty,Amazon,2999.07,3300.0,9.1,4.6,In Stock,https://www.amazon.in/search?q=MAC+Studio+Fix+Powder+Plus+Foundation,2026-09-19
MAC Studio Fix Powder Plus Foundation,Beauty,Flipkart,2737.09,3300.0,17.1,4.1,In Stock,https://www.flipkart.com/search?q=MAC+Studio+Fix+Powder+Plus+Foundation,2026-09-23
MAC Studio Fix Powder Plus Foundation,Beauty,Nykaa,2522.3,3300.0,23.6,4.4,In Stock,https://www.nykaa.com/search?q=MAC+Studio+Fix+Powder+Plus+Foundation,2026-09-21
MAC Studio Fix Powder Plus Foundation,Beauty,Purplle,3161.55,3300.0,4.2,4.0,In Stock,https://www.purplle.com/search?q=MAC+Studio+Fix+Powder+Plus+Foundation,2026-09-21
MAC Studio Fix Powder Plus Foundation,Beauty,Myntra,2438.04,3300.0,26.1,4.2,In Stock,https://www.myntra.com/search?q=MAC+Studio+Fix+Powder+Plus+Foundation,2026-09-23
MAC Prep + Prime Fix+ Facial Mist 100ml,Beauty,Amazon,2121.02,2400.0,11.6,4.0,Limited Stock,https://www.amazon.in/search?q=MAC+Prep+++Prime+Fix++Facial+Mist+100ml,2026-09-20
MAC Prep + Prime Fix+ Facial Mist 100ml,Beauty,Flipkart,2304.0,2400.0,4.0,3.9,In Stock,https://www.flipkart.com/search?q=MAC+Prep+++Prime+Fix++Facial+Mist+100ml,2026-09-16
MAC Prep + Prime Fix+ Facial Mist 100ml,Beauty,Nykaa,2164.13,2400.0,9.8,3.9,In Stock,https://www.nykaa.com/search?q=MAC+Prep+++Prime+Fix++Facial+Mist+100ml,2026-09-14
MAC Prep + Prime Fix+ Facial Mist 100ml,Beauty,Purplle,1842.88,2400.0,23.2,4.5,In Stock,https://www.purplle.com/search?q=MAC+Prep+++Prime+Fix++Facial+Mist+100ml,2026-09-21
MAC Prep + Prime Fix+ Facial Mist 100ml,Beauty,Myntra,2284.27,2400.0,4.8,4.7,In Stock,https://www.myntra.com/search?q=MAC+Prep+++Prime+Fix++Facial+Mist+100ml,2026-09-12
Lakme Absolute Matte Melt Liquid Lip Color,Beauty,Amazon,425.33,525.0,19.0,4.1,In Stock,https://www.amazon.in/search?q=Lakme+Absolute+Matte+Melt+Liquid+Lip+Color,2026-09-24
Lakme Absolute Matte Melt Liquid Lip Color,Beauty,Flipkart,406.55,525.0,22.6,3.8,In Stock,https://www.flipkart.com/search?q=Lakme+Absolute+Matte+Melt+Liquid+Lip+Color,2026-09-15
Lakme Absolute Matte Melt Liquid Lip Color,Beauty,Nykaa,464.61,525.0,11.5,4.3,In Stock,https://www.nykaa.com/search?q=Lakme+Absolute+Matte+Melt+Liquid+Lip+Color,2026-09-11
Lakme Absolute Matte Melt Liquid Lip Color,Beauty,Purplle,458.76,525.0,12.6,4.2,In Stock,https://www.purplle.com/search?q=Lakme+Absolute+Matte+Melt+Liquid+Lip+Color,2026-09-19
Lakme Absolute Matte Melt Liquid Lip Color,Beauty,Myntra,458.07,525.0,12.7,4.2,In Stock,https://www.myntra.com/search?q=Lakme+Absolute+Matte+Melt+Liquid+Lip+Color,2026-09-13
Lakme Lumi Skin Cream Highlighter 60g,Beauty,Amazon,274.55,349.0,21.3,4.0,In Stock,https://www.amazon.in/search?q=Lakme+Lumi+Skin+Cream+Highlighter+60g,2026-09-14
Lakme Lumi Skin Cream Highlighter 60g,Beauty,Flipkart,280.45,349.0,19.6,4.0,In Stock,https://www.flipkart.com/search?q=Lakme+Lumi+Skin+Cream+Highlighter+60g,2026-09-16
Lakme Lumi Skin Cream Highlighter 60g,Beauty,Nykaa,288.65,349.0,17.3,4.3,In Stock,https://www.nykaa.com/search?q=Lakme+Lumi+Skin+Cream+Highlighter+60g,2026-09-13
Lakme Lumi Skin Cream Highlighter 60g,Beauty,Purplle,335.04,349.0,4.0,4.6,In Stock,https://www.purplle.com/search?q=Lakme+Lumi+Skin+Cream+Highlighter+60g,2026-09-11
Lakme Lumi Skin Cream Highlighter 60g,Beauty,Myntra,273.75,349.0,21.6,3.9,In Stock,https://www.myntra.com/search?q=Lakme+Lumi+Skin+Cream+Highlighter+60g,2026-09-25
Lakme Eyeconic Kajal Deep Black Twin Pack,Beauty,Amazon,339.48,399.0,14.9,3.8,In Stock,https://www.amazon.in/search?q=Lakme+Eyeconic+Kajal+Deep+Black+Twin+Pack,2026-09-17
Lakme Eyeconic Kajal Deep Black Twin Pack,Beauty,Flipkart,335.68,399.0,15.9,4.4,Out of Stock,https://www.flipkart.com/search?q=Lakme+Eyeconic+Kajal+Deep+Black+Twin+Pack,2026-09-15
Lakme Eyeconic Kajal Deep Black Twin Pack,Beauty,Nykaa,326.19,399.0,18.2,4.6,In Stock,https://www.nykaa.com/search?q=Lakme+Eyeconic+Kajal+Deep+Black+Twin+Pack,2026-09-19
Lakme Eyeconic Kajal Deep Black Twin Pack,Beauty,Purplle,359.98,399.0,9.8,4.2,In Stock,https://www.purplle.com/search?q=Lakme+Eyeconic+Kajal+Deep+Black+Twin+Pack,2026-09-19
Lakme Eyeconic Kajal Deep Black Twin Pack,Beauty,Myntra,320.11,399.0,19.8,4.8,In Stock,https://www.myntra.com/search?q=Lakme+Eyeconic+Kajal+Deep+Black+Twin+Pack,2026-09-25
Forest Essentials Ayurvedic Night Treatment Jasmine,Beauty,Amazon,2902.55,3150.0,7.9,4.7,In Stock,https://www.amazon.in/search?q=Forest+Essentials+Ayurvedic+Night+Treatment+Jasmine,2026-09-12
Forest Essentials Ayurvedic Night Treatment Jasmine,Beauty,Flipkart,2634.8,3150.0,16.4,4.2,In Stock,https://www.flipkart.com/search?q=Forest+Essentials+Ayurvedic+Night+Treatment+Jasmine,2026-09-21
Forest Essentials Ayurvedic Night Treatment Jasmine,Beauty,Nykaa,2891.51,3150.0,8.2,4.5,In Stock,https://www.nykaa.com/search?q=Forest+Essentials+Ayurvedic+Night+Treatment+Jasmine,2026-09-22
Forest Essentials Ayurvedic Night Treatment Jasmine,Beauty,Purplle,2810.5,3150.0,10.8,4.4,In Stock,https://www.purplle.com/search?q=Forest+Essentials+Ayurvedic+Night+Treatment+Jasmine,2026-09-18
Forest Essentials Ayurvedic Night Treatment Jasmine,Beauty,Myntra,2926.05,3150.0,7.1,4.3,In Stock,https://www.myntra.com/search?q=Forest+Essentials+Ayurvedic+Night+Treatment+Jasmine,2026-09-24
Forest Essentials Soundarya Radiance Cream,Beauty,Amazon,5362.91,5600.0,4.2,4.4,In Stock,https://www.amazon.in/search?q=Forest+Essentials+Soundarya+Radiance+Cream,2026-09-13
Forest Essentials Soundarya Radiance Cream,Beauty,Flipkart,4709.47,5600.0,15.9,4.1,In Stock,https://www.flipkart.com/search?q=Forest+Essentials+Soundarya+Radiance+Cream,2026-09-22
Forest Essentials Soundarya Radiance Cream,Beauty,Nykaa,4709.76,5600.0,15.9,4.2,In Stock,https://www.nykaa.com/search?q=Forest+Essentials+Soundarya+Radiance+Cream,2026-09-12
Forest Essentials Soundarya Radiance Cream,Beauty,Purplle,4944.59,5600.0,11.7,4.4,In Stock,https://www.purplle.com/search?q=Forest+Essentials+Soundarya+Radiance+Cream,2026-09-18
Forest Essentials Soundarya Radiance Cream,Beauty,Myntra,4852.45,5600.0,13.3,4.3,In Stock,https://www.myntra.com/search?q=Forest+Essentials+Soundarya+Radiance+Cream,2026-09-15
Forest Essentials Delicate Facial Cleanser Kashmiri Saffron,Beauty,Amazon,1335.82,1475.0,9.4,4.7,Out of Stock,https://www.amazon.in/search?q=Forest+Essentials+Delicate+Facial+Cleanser+Kashmiri+Saffron,2026-09-21
Forest Essentials Delicate Facial Cleanser Kashmiri Saffron,Beauty,Flipkart,1316.94,1475.0,10.7,3.9,Limited Stock,https://www.flipkart.com/search?q=Forest+Essentials+Delicate+Facial+Cleanser+Kashmiri+Saffron,2026-09-18
Forest Essentials Delicate Facial Cleanser Kashmiri Saffron,Beauty,Nykaa,1201.54,1475.0,18.5,4.6,In Stock,https://www.nykaa.com/search?q=Forest+Essentials+Delicate+Facial+Cleanser+Kashmiri+Saffron,2026-09-16
Forest Essentials Delicate Facial Cleanser Kashmiri Saffron,Beauty,Purplle,1402.81,1475.0,4.9,4.7,In Stock,https://www.purplle.com/search?q=Forest+Essentials+Delicate+Facial+Cleanser+Kashmiri+Saffron,2026-09-12
Forest Essentials Delicate Facial Cleanser Kashmiri Saffron,Beauty,Myntra,1169.04,1475.0,20.7,3.9,In Stock,https://www.myntra.com/search?q=Forest+Essentials+Delicate+Facial+Cleanser+Kashmiri+Saffron,2026-09-11
Biotique Bio Dandelion Ageless Lightening Serum 40ml,Beauty,Amazon,188.35,230.0,18.1,3.9,Limited Stock,https://www.amazon.in/search?q=Biotique+Bio+Dandelion+Ageless+Lightening+Serum+40ml,2026-09-18
Biotique Bio Dandelion Ageless Lightening Serum 40ml,Beauty,Flipkart,177.29,230.0,22.9,3.9,In Stock,https://www.flipkart.com/search?q=Biotique+Bio+Dandelion+Ageless+Lightening+Serum+40ml,2026-09-17
Biotique Bio Dandelion Ageless Lightening Serum 40ml,Beauty,Nykaa,188.04,230.0,18.2,4.3,In Stock,https://www.nykaa.com/search?q=Biotique+Bio+Dandelion+Ageless+Lightening+Serum+40ml,2026-09-11
Biotique Bio Dandelion Ageless Lightening Serum 40ml,Beauty,Purplle,178.33,230.0,22.5,4.0,In Stock,https://www.purplle.com/search?q=Biotique+Bio+Dandelion+Ageless+Lightening+Serum+40ml,2026-09-14
Biotique Bio Dandelion Ageless Lightening Serum 40ml,Beauty,Myntra,210.11,230.0,8.6,4.5,In Stock,https://www.myntra.com/search?q=Biotique+Bio+Dandelion+Ageless+Lightening+Serum+40ml,2026-09-20
Biotique Bio Morning Nectar Nourish & Hydrate Lotion,Beauty,Amazon,247.2,280.0,11.7,4.9,Limited Stock,https://www.amazon.in/search?q=Biotique+Bio+Morning+Nectar+Nourish+&+Hydrate+Lotion,2026-09-13
Biotique Bio Morning Nectar Nourish & Hydrate Lotion,Beauty,Flipkart,252.84,280.0,9.7,4.2,In Stock,https://www.flipkart.com/search?q=Biotique+Bio+Morning+Nectar+Nourish+&+Hydrate+Lotion,2026-09-13
Biotique Bio Morning Nectar Nourish & Hydrate Lotion,Beauty,Nykaa,245.22,280.0,12.4,4.6,In Stock,https://www.nykaa.com/search?q=Biotique+Bio+Morning+Nectar+Nourish+&+Hydrate+Lotion,2026-09-21
Biotique Bio Morning Nectar Nourish & Hydrate Lotion,Beauty,Purplle,233.32,280.0,16.7,4.1,In Stock,https://www.purplle.com/search?q=Biotique+Bio+Morning+Nectar+Nourish+&+Hydrate+Lotion,2026-09-17
Biotique Bio Morning Nectar Nourish & Hydrate Lotion,Beauty,Myntra,252.89,280.0,9.7,4.5,In Stock,https://www.myntra.com/search?q=Biotique+Bio+Morning+Nectar+Nourish+&+Hydrate+Lotion,2026-09-20
Versace Eros Eau De Toilette 100ml,Beauty,Amazon,7116.77,7800.0,8.8,4.6,Out of Stock,https://www.amazon.in/search?q=Versace+Eros+Eau+De+Toilette+100ml,2026-09-23
Versace Eros Eau De Toilette 100ml,Beauty,Flipkart,6481.35,7800.0,16.9,4.2,In Stock,https://www.flipkart.com/search?q=Versace+Eros+Eau+De+Toilette+100ml,2026-09-20
Versace Eros Eau De Toilette 100ml,Beauty,Nykaa,6398.53,7800.0,18.0,4.8,In Stock,https://www.nykaa.com/search?q=Versace+Eros+Eau+De+Toilette+100ml,2026-09-15
Versace Eros Eau De Toilette 100ml,Beauty,Purplle,6078.76,7800.0,22.1,4.1,In Stock,https://www.purplle.com/search?q=Versace+Eros+Eau+De+Toilette+100ml,2026-09-13
Versace Eros Eau De Toilette 100ml,Beauty,Myntra,7433.93,7800.0,4.7,4.2,In Stock,https://www.myntra.com/search?q=Versace+Eros+Eau+De+Toilette+100ml,2026-09-25
Versace Bright Crystal EDT for Women 90ml,Beauty,Amazon,6187.26,7500.0,17.5,4.0,In Stock,https://www.amazon.in/search?q=Versace+Bright+Crystal+EDT+for+Women+90ml,2026-09-21
Versace Bright Crystal EDT for Women 90ml,Beauty,Flipkart,7200.0,7500.0,4.0,4.7,In Stock,https://www.flipkart.com/search?q=Versace+Bright+Crystal+EDT+for+Women+90ml,2026-09-17
Versace Bright Crystal EDT for Women 90ml,Beauty,Nykaa,6004.35,7500.0,19.9,3.9,In Stock,https://www.nykaa.com/search?q=Versace+Bright+Crystal+EDT+for+Women+90ml,2026-09-14
Versace Bright Crystal EDT for Women 90ml,Beauty,Purplle,6840.33,7500.0,8.8,4.5,In Stock,https://www.purplle.com/search?q=Versace+Bright+Crystal+EDT+for+Women+90ml,2026-09-17
Versace Bright Crystal EDT for Women 90ml,Beauty,Myntra,5820.15,7500.0,22.4,4.1,In Stock,https://www.myntra.com/search?q=Versace+Bright+Crystal+EDT+for+Women+90ml,2026-09-11
Davidoff Cool Water Men EDT 125ml,Beauty,Amazon,4589.56,5200.0,11.7,4.7,In Stock,https://www.amazon.in/search?q=Davidoff+Cool+Water+Men+EDT+125ml,2026-09-17
Davidoff Cool Water Men EDT 125ml,Beauty,Flipkart,4386.59,5200.0,15.6,4.0,In Stock,https://www.flipkart.com/search?q=Davidoff+Cool+Water+Men+EDT+125ml,2026-09-12
Davidoff Cool Water Men EDT 125ml,Beauty,Nykaa,3928.59,5200.0,24.5,4.8,In Stock,https://www.nykaa.com/search?q=Davidoff+Cool+Water+Men+EDT+125ml,2026-09-15
Davidoff Cool Water Men EDT 125ml,Beauty,Purplle,4414.47,5200.0,15.1,4.6,In Stock,https://www.purplle.com/search?q=Davidoff+Cool+Water+Men+EDT+125ml,2026-09-14
Davidoff Cool Water Men EDT 125ml,Beauty,Myntra,4513.34,5200.0,13.2,4.0,In Stock,https://www.myntra.com/search?q=Davidoff+Cool+Water+Men+EDT+125ml,2026-09-23
Calvin Klein One Unisex EDT 100ml,Beauty,Amazon,3870.32,4900.0,21.0,3.9,In Stock,https://www.amazon.in/search?q=Calvin+Klein+One+Unisex+EDT+100ml,2026-09-21
Calvin Klein One Unisex EDT 100ml,Beauty,Flipkart,4611.67,4900.0,5.9,4.4,In Stock,https://www.flipkart.com/search?q=Calvin+Klein+One+Unisex+EDT+100ml,2026-09-20
Calvin Klein One Unisex EDT 100ml,Beauty,Nykaa,3695.5,4900.0,24.6,3.8,Limited Stock,https://www.nykaa.com/search?q=Calvin+Klein+One+Unisex+EDT+100ml,2026-09-16
Calvin Klein One Unisex EDT 100ml,Beauty,Purplle,3900.31,4900.0,20.4,4.5,In Stock,https://www.purplle.com/search?q=Calvin+Klein+One+Unisex+EDT+100ml,2026-09-18
Calvin Klein One Unisex EDT 100ml,Beauty,Myntra,4044.82,4900.0,17.5,3.9,In Stock,https://www.myntra.com/search?q=Calvin+Klein+One+Unisex+EDT+100ml,2026-09-17
Jaguar Classic Black EDT for Men 100ml,Beauty,Amazon,2061.9,2200.0,6.3,3.9,In Stock,https://www.amazon.in/search?q=Jaguar+Classic+Black+EDT+for+Men+100ml,2026-09-19
Jaguar Classic Black EDT for Men 100ml,Beauty,Flipkart,1951.76,2200.0,11.3,4.2,Limited Stock,https://www.flipkart.com/search?q=Jaguar+Classic+Black+EDT+for+Men+100ml,2026-09-15
Jaguar Classic Black EDT for Men 100ml,Beauty,Nykaa,1927.74,2200.0,12.4,4.0,In Stock,https://www.nykaa.com/search?q=Jaguar+Classic+Black+EDT+for+Men+100ml,2026-09-17
Jaguar Classic Black EDT for Men 100ml,Beauty,Purplle,1867.78,2200.0,15.1,4.6,In Stock,https://www.purplle.com/search?q=Jaguar+Classic+Black+EDT+for+Men+100ml,2026-09-24
Jaguar Classic Black EDT for Men 100ml,Beauty,Myntra,1875.32,2200.0,14.8,4.8,In Stock,https://www.myntra.com/search?q=Jaguar+Classic+Black+EDT+for+Men+100ml,2026-09-16
Nautica Voyage Eau De Toilette for Men 100ml,Beauty,Amazon,2352.0,2450.0,4.0,4.8,In Stock,https://www.amazon.in/search?q=Nautica+Voyage+Eau+De+Toilette+for+Men+100ml,2026-09-13
Nautica Voyage Eau De Toilette for Men 100ml,Beauty,Flipkart,2132.91,2450.0,12.9,4.4,In Stock,https://www.flipkart.com/search?q=Nautica+Voyage+Eau+De+Toilette+for+Men+100ml,2026-09-11
Nautica Voyage Eau De Toilette for Men 100ml,Beauty,Nykaa,1923.39,2450.0,21.5,4.4,In Stock,https://www.nykaa.com/search?q=Nautica+Voyage+Eau+De+Toilette+for+Men+100ml,2026-09-18
Nautica Voyage Eau De Toilette for Men 100ml,Beauty,Purplle,1967.72,2450.0,19.7,4.0,In Stock,https://www.purplle.com/search?q=Nautica+Voyage+Eau+De+Toilette+for+Men+100ml,2026-09-24
Nautica Voyage Eau De Toilette for Men 100ml,Beauty,Myntra,1899.67,2450.0,22.5,4.4,In Stock,https://www.myntra.com/search?q=Nautica+Voyage+Eau+De+Toilette+for+Men+100ml,2026-09-24
Nivea Soft Light Moisturizing Cream 200ml,Beauty,Amazon,288.51,340.0,15.1,4.0,In Stock,https://www.amazon.in/search?q=Nivea+Soft+Light+Moisturizing+Cream+200ml,2026-09-12
Nivea Soft Light Moisturizing Cream 200ml,Beauty,Flipkart,299.97,340.0,11.8,4.6,Out of Stock,https://www.flipkart.com/search?q=Nivea+Soft+Light+Moisturizing+Cream+200ml,2026-09-13
Nivea Soft Light Moisturizing Cream 200ml,Beauty,Nykaa,265.16,340.0,22.0,3.9,In Stock,https://www.nykaa.com/search?q=Nivea+Soft+Light+Moisturizing+Cream+200ml,2026-09-25
Nivea Soft Light Moisturizing Cream 200ml,Beauty,Purplle,304.54,340.0,10.4,3.9,In Stock,https://www.purplle.com/search?q=Nivea+Soft+Light+Moisturizing+Cream+200ml,2026-09-13
Nivea Soft Light Moisturizing Cream 200ml,Beauty,Myntra,322.43,340.0,5.2,4.7,Limited Stock,https://www.myntra.com/search?q=Nivea+Soft+Light+Moisturizing+Cream+200ml,2026-09-19
Nivea Men Deep Impact Shower Gel 250ml,Beauty,Amazon,188.9,225.0,16.0,4.3,In Stock,https://www.amazon.in/search?q=Nivea+Men+Deep+Impact+Shower+Gel+250ml,2026-09-15
Nivea Men Deep Impact Shower Gel 250ml,Beauty,Flipkart,216.0,225.0,4.0,4.6,In Stock,https://www.flipkart.com/search?q=Nivea+Men+Deep+Impact+Shower+Gel+250ml,2026-09-14
Nivea Men Deep Impact Shower Gel 250ml,Beauty,Nykaa,179.0,225.0,20.4,3.9,Limited Stock,https://www.nykaa.com/search?q=Nivea+Men+Deep+Impact+Shower+Gel+250ml,2026-09-24
Nivea Men Deep Impact Shower Gel 250ml,Beauty,Purplle,187.5,225.0,16.7,4.5,In Stock,https://www.purplle.com/search?q=Nivea+Men+Deep+Impact+Shower+Gel+250ml,2026-09-11
Nivea Men Deep Impact Shower Gel 250ml,Beauty,Myntra,196.67,225.0,12.6,4.5,In Stock,https://www.myntra.com/search?q=Nivea+Men+Deep+Impact+Shower+Gel+250ml,2026-09-17
Vaseline Intensive Care Cocoa Glow Body Lotion 400ml,Beauty,Amazon,317.49,385.0,17.5,4.7,In Stock,https://www.amazon.in/search?q=Vaseline+Intensive+Care+Cocoa+Glow+Body+Lotion+400ml,2026-09-21
Vaseline Intensive Care Cocoa Glow Body Lotion 400ml,Beauty,Flipkart,353.5,385.0,8.2,4.5,Limited Stock,https://www.flipkart.com/search?q=Vaseline+Intensive+Care+Cocoa+Glow+Body+Lotion+400ml,2026-09-13
Vaseline Intensive Care Cocoa Glow Body Lotion 400ml,Beauty,Nykaa,304.94,385.0,20.8,4.9,In Stock,https://www.nykaa.com/search?q=Vaseline+Intensive+Care+Cocoa+Glow+Body+Lotion+400ml,2026-09-12
Vaseline Intensive Care Cocoa Glow Body Lotion 400ml,Beauty,Purplle,359.05,385.0,6.7,3.8,In Stock,https://www.purplle.com/search?q=Vaseline+Intensive+Care+Cocoa+Glow+Body+Lotion+400ml,2026-09-17
Vaseline Intensive Care Cocoa Glow Body Lotion 400ml,Beauty,Myntra,358.28,385.0,6.9,4.0,In Stock,https://www.myntra.com/search?q=Vaseline+Intensive+Care+Cocoa+Glow+Body+Lotion+400ml,2026-09-14
Vaseline Healthy Bright Daily Sun Refreshing Body Lotion,Beauty,Amazon,376.24,425.0,11.5,4.5,In Stock,https://www.amazon.in/search?q=Vaseline+Healthy+Bright+Daily+Sun+Refreshing+Body+Lotion,2026-09-23
Vaseline Healthy Bright Daily Sun Refreshing Body Lotion,Beauty,Flipkart,366.53,425.0,13.8,4.1,In Stock,https://www.flipkart.com/search?q=Vaseline+Healthy+Bright+Daily+Sun+Refreshing+Body+Lotion,2026-09-15
Vaseline Healthy Bright Daily Sun Refreshing Body Lotion,Beauty,Nykaa,320.69,425.0,24.5,4.7,Limited Stock,https://www.nykaa.com/search?q=Vaseline+Healthy+Bright+Daily+Sun+Refreshing+Body+Lotion,2026-09-17
Vaseline Healthy Bright Daily Sun Refreshing Body Lotion,Beauty,Purplle,362.1,425.0,14.8,4.1,In Stock,https://www.purplle.com/search?q=Vaseline+Healthy+Bright+Daily+Sun+Refreshing+Body+Lotion,2026-09-24
Vaseline Healthy Bright Daily Sun Refreshing Body Lotion,Beauty,Myntra,360.83,425.0,15.1,4.8,In Stock,https://www.myntra.com/search?q=Vaseline+Healthy+Bright+Daily+Sun+Refreshing+Body+Lotion,2026-09-15
Bioré UV Aqua Rich Watery Essence SPF 50+,Beauty,Amazon,1183.92,1270.0,6.8,4.5,Limited Stock,https://www.amazon.in/search?q=Bioré+UV+Aqua+Rich+Watery+Essence+SPF+50+,2026-09-20
Bioré UV Aqua Rich Watery Essence SPF 50+,Beauty,Flipkart,1149.4,1270.0,9.5,4.5,In Stock,https://www.flipkart.com/search?q=Bioré+UV+Aqua+Rich+Watery+Essence+SPF+50+,2026-09-23
Bioré UV Aqua Rich Watery Essence SPF 50+,Beauty,Nykaa,1097.06,1270.0,13.6,4.1,In Stock,https://www.nykaa.com/search?q=Bioré+UV+Aqua+Rich+Watery+Essence+SPF+50+,2026-09-25
Bioré UV Aqua Rich Watery Essence SPF 50+,Beauty,Purplle,1031.5,1270.0,18.8,4.6,In Stock,https://www.purplle.com/search?q=Bioré+UV+Aqua+Rich+Watery+Essence+SPF+50+,2026-09-21
Bioré UV Aqua Rich Watery Essence SPF 50+,Beauty,Myntra,1150.79,1270.0,9.4,4.6,In Stock,https://www.myntra.com/search?q=Bioré+UV+Aqua+Rich+Watery+Essence+SPF+50+,2026-09-18
Philips Kerashine Titanium Hair Straightener,Beauty,Amazon,2015.41,2495.0,19.2,4.3,In Stock,https://www.amazon.in/search?q=Philips+Kerashine+Titanium+Hair+Straightener,2026-09-15
Philips Kerashine Titanium Hair Straightener,Beauty,Flipkart,1986.79,2495.0,20.4,4.7,In Stock,https://www.flipkart.com/search?q=Philips+Kerashine+Titanium+Hair+Straightener,2026-09-17
Philips Kerashine Titanium Hair Straightener,Beauty,Nykaa,2017.13,2495.0,19.2,4.5,In Stock,https://www.nykaa.com/search?q=Philips+Kerashine+Titanium+Hair+Straightener,2026-09-11
Philips Kerashine Titanium Hair Straightener,Beauty,Purplle,2202.17,2495.0,11.7,3.8,In Stock,https://www.purplle.com/search?q=Philips+Kerashine+Titanium+Hair+Straightener,2026-09-19
Philips Kerashine Titanium Hair Straightener,Beauty,Myntra,2230.5,2495.0,10.6,3.8,In Stock,https://www.myntra.com/search?q=Philips+Kerashine+Titanium+Hair+Straightener,2026-09-11
Philips Hair Dryer 1200W Compact,Beauty,Amazon,1004.57,1195.0,15.9,4.7,In Stock,https://www.amazon.in/search?q=Philips+Hair+Dryer+1200W+Compact,2026-09-22
Philips Hair Dryer 1200W Compact,Beauty,Flipkart,994.85,1195.0,16.7,4.7,In Stock,https://www.flipkart.com/search?q=Philips+Hair+Dryer+1200W+Compact,2026-09-17
Philips Hair Dryer 1200W Compact,Beauty,Nykaa,1027.85,1195.0,14.0,4.4,In Stock,https://www.nykaa.com/search?q=Philips+Hair+Dryer+1200W+Compact,2026-09-12
Philips Hair Dryer 1200W Compact,Beauty,Purplle,884.81,1195.0,26.0,4.6,In Stock,https://www.purplle.com/search?q=Philips+Hair+Dryer+1200W+Compact,2026-09-23
Philips Hair Dryer 1200W Compact,Beauty,Myntra,1095.65,1195.0,8.3,4.8,In Stock,https://www.myntra.com/search?q=Philips+Hair+Dryer+1200W+Compact,2026-09-23
Dyson Supersonic Hair Dryer HD08,Beauty,Amazon,29717.47,34900.0,14.8,4.2,In Stock,https://www.amazon.in/search?q=Dyson+Supersonic+Hair+Dryer+HD08,2026-09-18
Dyson Supersonic Hair Dryer HD08,Beauty,Flipkart,32475.88,34900.0,6.9,4.1,In Stock,https://www.flipkart.com/search?q=Dyson+Supersonic+Hair+Dryer+HD08,2026-09-17
Dyson Supersonic Hair Dryer HD08,Beauty,Nykaa,29572.98,34900.0,15.3,4.3,In Stock,https://www.nykaa.com/search?q=Dyson+Supersonic+Hair+Dryer+HD08,2026-09-25
Dyson Supersonic Hair Dryer HD08,Beauty,Purplle,29780.16,34900.0,14.7,3.9,Out of Stock,https://www.purplle.com/search?q=Dyson+Supersonic+Hair+Dryer+HD08,2026-09-15
Dyson Supersonic Hair Dryer HD08,Beauty,Myntra,26752.36,34900.0,23.3,4.1,In Stock,https://www.myntra.com/search?q=Dyson+Supersonic+Hair+Dryer+HD08,2026-09-23
Dyson Airwrap Multi-Styler Complete Long,Beauty,Amazon,40872.27,45900.0,11.0,4.4,Limited Stock,https://www.amazon.in/search?q=Dyson+Airwrap+Multi-Styler+Complete+Long,2026-09-24
Dyson Airwrap Multi-Styler Complete Long,Beauty,Flipkart,41030.06,45900.0,10.6,4.8,In Stock,https://www.flipkart.com/search?q=Dyson+Airwrap+Multi-Styler+Complete+Long,2026-09-20
Dyson Airwrap Multi-Styler Complete Long,Beauty,Nykaa,39250.54,45900.0,14.5,4.7,Limited Stock,https://www.nykaa.com/search?q=Dyson+Airwrap+Multi-Styler+Complete+Long,2026-09-25
Dyson Airwrap Multi-Styler Complete Long,Beauty,Purplle,42784.06,45900.0,6.8,4.0,In Stock,https://www.purplle.com/search?q=Dyson+Airwrap+Multi-Styler+Complete+Long,2026-09-15
Dyson Airwrap Multi-Styler Complete Long,Beauty,Myntra,42728.84,45900.0,6.9,4.0,In Stock,https://www.myntra.com/search?q=Dyson+Airwrap+Multi-Styler+Complete+Long,2026-09-12
Urban Company Cordless Hair Trimmer,Beauty,Amazon,1211.99,1299.0,6.7,4.7,In Stock,https://www.amazon.in/search?q=Urban+Company+Cordless+Hair+Trimmer,2026-09-18
Urban Company Cordless Hair Trimmer,Beauty,Flipkart,1124.2,1299.0,13.5,4.4,In Stock,https://www.flipkart.com/search?q=Urban+Company+Cordless+Hair+Trimmer,2026-09-19
Urban Company Cordless Hair Trimmer,Beauty,Nykaa,1240.87,1299.0,4.5,4.4,In Stock,https://www.nykaa.com/search?q=Urban+Company+Cordless+Hair+Trimmer,2026-09-15
Urban Company Cordless Hair Trimmer,Beauty,Purplle,1014.79,1299.0,21.9,4.0,In Stock,https://www.purplle.com/search?q=Urban+Company+Cordless+Hair+Trimmer,2026-09-11
Urban Company Cordless Hair Trimmer,Beauty,Myntra,1005.88,1299.0,22.6,4.5,In Stock,https://www.myntra.com/search?q=Urban+Company+Cordless+Hair+Trimmer,2026-09-25
Philips Series 3000 Beard Trimmer BT3211,Beauty,Amazon,1348.34,1695.0,20.5,4.7,Limited Stock,https://www.amazon.in/search?q=Philips+Series+3000+Beard+Trimmer+BT3211,2026-09-22
Philips Series 3000 Beard Trimmer BT3211,Beauty,Flipkart,1311.9,1695.0,22.6,4.8,In Stock,https://www.flipkart.com/search?q=Philips+Series+3000+Beard+Trimmer+BT3211,2026-09-12
Philips Series 3000 Beard Trimmer BT3211,Beauty,Nykaa,1552.48,1695.0,8.4,4.4,In Stock,https://www.nykaa.com/search?q=Philips+Series+3000+Beard+Trimmer+BT3211,2026-09-16
Philips Series 3000 Beard Trimmer BT3211,Beauty,Purplle,1524.0,1695.0,10.1,4.6,In Stock,https://www.purplle.com/search?q=Philips+Series+3000+Beard+Trimmer+BT3211,2026-09-18
Philips Series 3000 Beard Trimmer BT3211,Beauty,Myntra,1578.73,1695.0,6.9,4.2,In Stock,https://www.myntra.com/search?q=Philips+Series+3000+Beard+Trimmer+BT3211,2026-09-25
Clinique Moisture Surge 100H Auto-Replenishing Hydrator,Beauty,Amazon,2368.74,2950.0,19.7,4.4,In Stock,https://www.amazon.in/search?q=Clinique+Moisture+Surge+100H+Auto-Replenishing+Hydrator,2026-09-23
Clinique Moisture Surge 100H Auto-Replenishing Hydrator,Beauty,Flipkart,2741.26,2950.0,7.1,4.8,In Stock,https://www.flipkart.com/search?q=Clinique+Moisture+Surge+100H+Auto-Replenishing+Hydrator,2026-09-11
Clinique Moisture Surge 100H Auto-Replenishing Hydrator,Beauty,Nykaa,2434.17,2950.0,17.5,3.9,In Stock,https://www.nykaa.com/search?q=Clinique+Moisture+Surge+100H+Auto-Replenishing+Hydrator,2026-09-23
Clinique Moisture Surge 100H Auto-Replenishing Hydrator,Beauty,Purplle,2454.53,2950.0,16.8,3.8,Limited Stock,https://www.purplle.com/search?q=Clinique+Moisture+Surge+100H+Auto-Replenishing+Hydrator,2026-09-15
Clinique Moisture Surge 100H Auto-Replenishing Hydrator,Beauty,Myntra,2472.48,2950.0,16.2,4.2,In Stock,https://www.myntra.com/search?q=Clinique+Moisture+Surge+100H+Auto-Replenishing+Hydrator,2026-09-17
Clinique Take The Day Off Cleansing Balm,Beauty,Amazon,2482.78,3200.0,22.4,4.3,In Stock,https://www.amazon.in/search?q=Clinique+Take+The+Day+Off+Cleansing+Balm,2026-09-20
Clinique Take The Day Off Cleansing Balm,Beauty,Flipkart,2615.26,3200.0,18.3,4.6,In Stock,https://www.flipkart.com/search?q=Clinique+Take+The+Day+Off+Cleansing+Balm,2026-09-24
Clinique Take The Day Off Cleansing Balm,Beauty,Nykaa,2857.03,3200.0,10.7,4.6,Limited Stock,https://www.nykaa.com/search?q=Clinique+Take+The+Day+Off+Cleansing+Balm,2026-09-24
Clinique Take The Day Off Cleansing Balm,Beauty,Purplle,2545.55,3200.0,20.5,4.2,In Stock,https://www.purplle.com/search?q=Clinique+Take+The+Day+Off+Cleansing+Balm,2026-09-14
Clinique Take The Day Off Cleansing Balm,Beauty,Myntra,2996.46,3200.0,6.4,4.4,In Stock,https://www.myntra.com/search?q=Clinique+Take+The+Day+Off+Cleansing+Balm,2026-09-19
Kama Ayurveda Pure Rose Water 200ml,Beauty,Amazon,1181.34,1450.0,18.5,4.1,In Stock,https://www.amazon.in/search?q=Kama+Ayurveda+Pure+Rose+Water+200ml,2026-09-23
Kama Ayurveda Pure Rose Water 200ml,Beauty,Flipkart,1242.1,1450.0,14.3,4.1,In Stock,https://www.flipkart.com/search?q=Kama+Ayurveda+Pure+Rose+Water+200ml,2026-09-16
Kama Ayurveda Pure Rose Water 200ml,Beauty,Nykaa,1292.83,1450.0,10.8,4.5,In Stock,https://www.nykaa.com/search?q=Kama+Ayurveda+Pure+Rose+Water+200ml,2026-09-19
Kama Ayurveda Pure Rose Water 200ml,Beauty,Purplle,1226.53,1450.0,15.4,4.0,In Stock,https://www.purplle.com/search?q=Kama+Ayurveda+Pure+Rose+Water+200ml,2026-09-18
Kama Ayurveda Pure Rose Water 200ml,Beauty,Myntra,1306.42,1450.0,9.9,4.2,In Stock,https://www.myntra.com/search?q=Kama+Ayurveda+Pure+Rose+Water+200ml,2026-09-14
Kama Ayurveda Bringadi Intensive Hair Treatment Oil,Beauty,Amazon,1365.04,1695.0,19.5,3.9,In Stock,https://www.amazon.in/search?q=Kama+Ayurveda+Bringadi+Intensive+Hair+Treatment+Oil,2026-09-13
Kama Ayurveda Bringadi Intensive Hair Treatment Oil,Beauty,Flipkart,1572.41,1695.0,7.2,4.0,In Stock,https://www.flipkart.com/search?q=Kama+Ayurveda+Bringadi+Intensive+Hair+Treatment+Oil,2026-09-20
Kama Ayurveda Bringadi Intensive Hair Treatment Oil,Beauty,Nykaa,1359.65,1695.0,19.8,4.6,In Stock,https://www.nykaa.com/search?q=Kama+Ayurveda+Bringadi+Intensive+Hair+Treatment+Oil,2026-09-19
Kama Ayurveda Bringadi Intensive Hair Treatment Oil,Beauty,Purplle,1586.03,1695.0,6.4,3.9,In Stock,https://www.purplle.com/search?q=Kama+Ayurveda+Bringadi+Intensive+Hair+Treatment+Oil,2026-09-11
Kama Ayurveda Bringadi Intensive Hair Treatment Oil,Beauty,Myntra,1571.87,1695.0,7.3,4.1,In Stock,https://www.myntra.com/search?q=Kama+Ayurveda+Bringadi+Intensive+Hair+Treatment+Oil,2026-09-16
Philips Digital Air Fryer HD9200 (4.1 L),Home,Amazon,7245.45,7995.0,9.4,4.9,In Stock,https://www.amazon.in/search?q=Philips+Digital+Air+Fryer+HD9200+(4.1+L),2026-09-17
Philips Digital Air Fryer HD9200 (4.1 L),Home,Flipkart,6299.82,7995.0,21.2,3.9,In Stock,https://www.flipkart.com/search?q=Philips+Digital+Air+Fryer+HD9200+(4.1+L),2026-09-23
Philips Digital Air Fryer HD9200 (4.1 L),Home,Croma,6757.3,7995.0,15.5,4.0,In Stock,https://www.croma.com/search?q=Philips+Digital+Air+Fryer+HD9200+(4.1+L),2026-09-13
Philips Digital Air Fryer HD9200 (4.1 L),Home,Reliance Digital,7116.69,7995.0,11.0,4.7,In Stock,https://www.reliancedigital.in/search?q=Philips+Digital+Air+Fryer+HD9200+(4.1+L),2026-09-14
Philips Digital Air Fryer HD9200 (4.1 L),Home,Pepperfry,7351.56,7995.0,8.0,3.8,In Stock,https://www.pepperfry.com/search?q=Philips+Digital+Air+Fryer+HD9200+(4.1+L),2026-09-25
Instant Pot Duo 7-in-1 Electric Pressure Cooker 6 Qt,Home,Amazon,9187.57,9999.0,8.1,4.1,In Stock,https://www.amazon.in/search?q=Instant+Pot+Duo+7-in-1+Electric+Pressure+Cooker+6+Qt,2026-09-15
Instant Pot Duo 7-in-1 Electric Pressure Cooker 6 Qt,Home,Flipkart,8579.41,9999.0,14.2,4.4,In Stock,https://www.flipkart.com/search?q=Instant+Pot+Duo+7-in-1+Electric+Pressure+Cooker+6+Qt,2026-09-24
Instant Pot Duo 7-in-1 Electric Pressure Cooker 6 Qt,Home,Croma,8090.42,9999.0,19.1,4.6,In Stock,https://www.croma.com/search?q=Instant+Pot+Duo+7-in-1+Electric+Pressure+Cooker+6+Qt,2026-09-16
Instant Pot Duo 7-in-1 Electric Pressure Cooker 6 Qt,Home,Reliance Digital,7448.63,9999.0,25.5,4.1,In Stock,https://www.reliancedigital.in/search?q=Instant+Pot+Duo+7-in-1+Electric+Pressure+Cooker+6+Qt,2026-09-22
Instant Pot Duo 7-in-1 Electric Pressure Cooker 6 Qt,Home,Pepperfry,8613.85,9999.0,13.9,3.8,In Stock,https://www.pepperfry.com/search?q=Instant+Pot+Duo+7-in-1+Electric+Pressure+Cooker+6+Qt,2026-09-17
Prestige Iris 750W Mixer Grinder with 4 Jars,Home,Amazon,3739.2,3895.0,4.0,4.1,Limited Stock,https://www.amazon.in/search?q=Prestige+Iris+750W+Mixer+Grinder+with+4+Jars,2026-09-13
Prestige Iris 750W Mixer Grinder with 4 Jars,Home,Flipkart,3574.82,3895.0,8.2,4.4,In Stock,https://www.flipkart.com/search?q=Prestige+Iris+750W+Mixer+Grinder+with+4+Jars,2026-09-21
Prestige Iris 750W Mixer Grinder with 4 Jars,Home,Croma,2870.92,3895.0,26.3,4.4,In Stock,https://www.croma.com/search?q=Prestige+Iris+750W+Mixer+Grinder+with+4+Jars,2026-09-13
Prestige Iris 750W Mixer Grinder with 4 Jars,Home,Reliance Digital,3049.38,3895.0,21.7,4.5,Limited Stock,https://www.reliancedigital.in/search?q=Prestige+Iris+750W+Mixer+Grinder+with+4+Jars,2026-09-12
Prestige Iris 750W Mixer Grinder with 4 Jars,Home,Pepperfry,3662.78,3895.0,6.0,3.9,In Stock,https://www.pepperfry.com/search?q=Prestige+Iris+750W+Mixer+Grinder+with+4+Jars,2026-09-22
Bajaj Rex 500W Mixer Grinder with 3 Jars,Home,Amazon,2262.02,2499.0,9.5,4.1,Out of Stock,https://www.amazon.in/search?q=Bajaj+Rex+500W+Mixer+Grinder+with+3+Jars,2026-09-17
Bajaj Rex 500W Mixer Grinder with 3 Jars,Home,Flipkart,2069.31,2499.0,17.2,4.1,In Stock,https://www.flipkart.com/search?q=Bajaj+Rex+500W+Mixer+Grinder+with+3+Jars,2026-09-19
Bajaj Rex 500W Mixer Grinder with 3 Jars,Home,Croma,1916.98,2499.0,23.3,3.9,Limited Stock,https://www.croma.com/search?q=Bajaj+Rex+500W+Mixer+Grinder+with+3+Jars,2026-09-18
Bajaj Rex 500W Mixer Grinder with 3 Jars,Home,Reliance Digital,2238.09,2499.0,10.4,4.4,In Stock,https://www.reliancedigital.in/search?q=Bajaj+Rex+500W+Mixer+Grinder+with+3+Jars,2026-09-14
Bajaj Rex 500W Mixer Grinder with 3 Jars,Home,Pepperfry,1871.4,2499.0,25.1,4.3,In Stock,https://www.pepperfry.com/search?q=Bajaj+Rex+500W+Mixer+Grinder+with+3+Jars,2026-09-14
Wonderchef Nutri-Blend 400W Mixer Grinder,Home,Amazon,2943.41,3200.0,8.0,4.1,In Stock,https://www.amazon.in/search?q=Wonderchef+Nutri-Blend+400W+Mixer+Grinder,2026-09-12
Wonderchef Nutri-Blend 400W Mixer Grinder,Home,Flipkart,2985.19,3200.0,6.7,3.9,Limited Stock,https://www.flipkart.com/search?q=Wonderchef+Nutri-Blend+400W+Mixer+Grinder,2026-09-15
Wonderchef Nutri-Blend 400W Mixer Grinder,Home,Croma,2619.77,3200.0,18.1,3.8,In Stock,https://www.croma.com/search?q=Wonderchef+Nutri-Blend+400W+Mixer+Grinder,2026-09-25
Wonderchef Nutri-Blend 400W Mixer Grinder,Home,Reliance Digital,2682.75,3200.0,16.2,4.1,Limited Stock,https://www.reliancedigital.in/search?q=Wonderchef+Nutri-Blend+400W+Mixer+Grinder,2026-09-11
Wonderchef Nutri-Blend 400W Mixer Grinder,Home,Pepperfry,2388.47,3200.0,25.4,4.3,Out of Stock,https://www.pepperfry.com/search?q=Wonderchef+Nutri-Blend+400W+Mixer+Grinder,2026-09-11
Sujata Dynamix 900W Mixer Grinder with 3 Jars,Home,Amazon,5455.18,6200.0,12.0,4.6,In Stock,https://www.amazon.in/search?q=Sujata+Dynamix+900W+Mixer+Grinder+with+3+Jars,2026-09-17
Sujata Dynamix 900W Mixer Grinder with 3 Jars,Home,Flipkart,5328.11,6200.0,14.1,4.4,In Stock,https://www.flipkart.com/search?q=Sujata+Dynamix+900W+Mixer+Grinder+with+3+Jars,2026-09-19
Sujata Dynamix 900W Mixer Grinder with 3 Jars,Home,Croma,4754.16,6200.0,23.3,4.3,In Stock,https://www.croma.com/search?q=Sujata+Dynamix+900W+Mixer+Grinder+with+3+Jars,2026-09-17
Sujata Dynamix 900W Mixer Grinder with 3 Jars,Home,Reliance Digital,4923.76,6200.0,20.6,3.8,In Stock,https://www.reliancedigital.in/search?q=Sujata+Dynamix+900W+Mixer+Grinder+with+3+Jars,2026-09-16
Sujata Dynamix 900W Mixer Grinder with 3 Jars,Home,Pepperfry,5503.38,6200.0,11.2,4.7,In Stock,https://www.pepperfry.com/search?q=Sujata+Dynamix+900W+Mixer+Grinder+with+3+Jars,2026-09-21
Dyson V12 Detect Slim Total Clean Cordless Vacuum,Home,Amazon,49129.05,55900.0,12.1,4.5,In Stock,https://www.amazon.in/search?q=Dyson+V12+Detect+Slim+Total+Clean+Cordless+Vacuum,2026-09-18
Dyson V12 Detect Slim Total Clean Cordless Vacuum,Home,Flipkart,49750.12,55900.0,11.0,4.6,In Stock,https://www.flipkart.com/search?q=Dyson+V12+Detect+Slim+Total+Clean+Cordless+Vacuum,2026-09-19
Dyson V12 Detect Slim Total Clean Cordless Vacuum,Home,Croma,51150.77,55900.0,8.5,3.9,In Stock,https://www.croma.com/search?q=Dyson+V12+Detect+Slim+Total+Clean+Cordless+Vacuum,2026-09-22
Dyson V12 Detect Slim Total Clean Cordless Vacuum,Home,Reliance Digital,43050.12,55900.0,23.0,4.7,In Stock,https://www.reliancedigital.in/search?q=Dyson+V12+Detect+Slim+Total+Clean+Cordless+Vacuum,2026-09-12
Dyson V12 Detect Slim Total Clean Cordless Vacuum,Home,Pepperfry,51248.4,55900.0,8.3,4.9,In Stock,https://www.pepperfry.com/search?q=Dyson+V12+Detect+Slim+Total+Clean+Cordless+Vacuum,2026-09-13
Eureka Forbes Quick Clean DX 1200W Vacuum Cleaner,Home,Amazon,3599.93,3999.0,10.0,3.9,Limited Stock,https://www.amazon.in/search?q=Eureka+Forbes+Quick+Clean+DX+1200W+Vacuum+Cleaner,2026-09-15
Eureka Forbes Quick Clean DX 1200W Vacuum Cleaner,Home,Flipkart,3299.33,3999.0,17.5,4.7,In Stock,https://www.flipkart.com/search?q=Eureka+Forbes+Quick+Clean+DX+1200W+Vacuum+Cleaner,2026-09-17
Eureka Forbes Quick Clean DX 1200W Vacuum Cleaner,Home,Croma,3649.22,3999.0,8.7,3.9,In Stock,https://www.croma.com/search?q=Eureka+Forbes+Quick+Clean+DX+1200W+Vacuum+Cleaner,2026-09-22
Eureka Forbes Quick Clean DX 1200W Vacuum Cleaner,Home,Reliance Digital,3275.19,3999.0,18.1,4.5,In Stock,https://www.reliancedigital.in/search?q=Eureka+Forbes+Quick+Clean+DX+1200W+Vacuum+Cleaner,2026-09-20
Eureka Forbes Quick Clean DX 1200W Vacuum Cleaner,Home,Pepperfry,3518.92,3999.0,12.0,4.4,In Stock,https://www.pepperfry.com/search?q=Eureka+Forbes+Quick+Clean+DX+1200W+Vacuum+Cleaner,2026-09-20
Kent Grand Plus RO + UV + UF Water Purifier 9L,Home,Amazon,16314.97,16999.0,4.0,4.8,Out of Stock,https://www.amazon.in/search?q=Kent+Grand+Plus+RO+++UV+++UF+Water+Purifier+9L,2026-09-22
Kent Grand Plus RO + UV + UF Water Purifier 9L,Home,Flipkart,14214.3,16999.0,16.4,4.4,Out of Stock,https://www.flipkart.com/search?q=Kent+Grand+Plus+RO+++UV+++UF+Water+Purifier+9L,2026-09-21
Kent Grand Plus RO + UV + UF Water Purifier 9L,Home,Croma,13813.49,16999.0,18.7,4.3,In Stock,https://www.croma.com/search?q=Kent+Grand+Plus+RO+++UV+++UF+Water+Purifier+9L,2026-09-11
Kent Grand Plus RO + UV + UF Water Purifier 9L,Home,Reliance Digital,14081.07,16999.0,17.2,4.3,Out of Stock,https://www.reliancedigital.in/search?q=Kent+Grand+Plus+RO+++UV+++UF+Water+Purifier+9L,2026-09-12
Kent Grand Plus RO + UV + UF Water Purifier 9L,Home,Pepperfry,13515.53,16999.0,20.5,4.2,In Stock,https://www.pepperfry.com/search?q=Kent+Grand+Plus+RO+++UV+++UF+Water+Purifier+9L,2026-09-16
Aquaguard Aura RO + UV + Active Copper Water Purifier,Home,Amazon,11357.74,14499.0,21.7,3.9,In Stock,https://www.amazon.in/search?q=Aquaguard+Aura+RO+++UV+++Active+Copper+Water+Purifier,2026-09-20
Aquaguard Aura RO + UV + Active Copper Water Purifier,Home,Flipkart,13351.91,14499.0,7.9,4.1,In Stock,https://www.flipkart.com/search?q=Aquaguard+Aura+RO+++UV+++Active+Copper+Water+Purifier,2026-09-21
Aquaguard Aura RO + UV + Active Copper Water Purifier,Home,Croma,11083.33,14499.0,23.6,4.8,In Stock,https://www.croma.com/search?q=Aquaguard+Aura+RO+++UV+++Active+Copper+Water+Purifier,2026-09-17
Aquaguard Aura RO + UV + Active Copper Water Purifier,Home,Reliance Digital,11946.1,14499.0,17.6,4.0,In Stock,https://www.reliancedigital.in/search?q=Aquaguard+Aura+RO+++UV+++Active+Copper+Water+Purifier,2026-09-14
Aquaguard Aura RO + UV + Active Copper Water Purifier,Home,Pepperfry,13091.72,14499.0,9.7,4.6,In Stock,https://www.pepperfry.com/search?q=Aquaguard+Aura+RO+++UV+++Active+Copper+Water+Purifier,2026-09-22
Mi Smart Air Purifier 4 with True HEPA Filter,Home,Amazon,12427.73,12999.0,4.4,3.9,In Stock,https://www.amazon.in/search?q=Mi+Smart+Air+Purifier+4+with+True+HEPA+Filter,2026-09-17
Mi Smart Air Purifier 4 with True HEPA Filter,Home,Flipkart,10894.75,12999.0,16.2,4.4,Out of Stock,https://www.flipkart.com/search?q=Mi+Smart+Air+Purifier+4+with+True+HEPA+Filter,2026-09-24
Mi Smart Air Purifier 4 with True HEPA Filter,Home,Croma,11969.77,12999.0,7.9,4.5,Limited Stock,https://www.croma.com/search?q=Mi+Smart+Air+Purifier+4+with+True+HEPA+Filter,2026-09-21
Mi Smart Air Purifier 4 with True HEPA Filter,Home,Reliance Digital,10347.38,12999.0,20.4,4.3,In Stock,https://www.reliancedigital.in/search?q=Mi+Smart+Air+Purifier+4+with+True+HEPA+Filter,2026-09-17
Mi Smart Air Purifier 4 with True HEPA Filter,Home,Pepperfry,11924.76,12999.0,8.3,4.5,In Stock,https://www.pepperfry.com/search?q=Mi+Smart+Air+Purifier+4+with+True+HEPA+Filter,2026-09-20
Philips Series 2000i Smart Air Purifier,Home,Amazon,16114.39,18995.0,15.2,4.8,Limited Stock,https://www.amazon.in/search?q=Philips+Series+2000i+Smart+Air+Purifier,2026-09-17
Philips Series 2000i Smart Air Purifier,Home,Flipkart,14794.24,18995.0,22.1,4.6,In Stock,https://www.flipkart.com/search?q=Philips+Series+2000i+Smart+Air+Purifier,2026-09-16
Philips Series 2000i Smart Air Purifier,Home,Croma,15051.46,18995.0,20.8,4.8,In Stock,https://www.croma.com/search?q=Philips+Series+2000i+Smart+Air+Purifier,2026-09-15
Philips Series 2000i Smart Air Purifier,Home,Reliance Digital,16356.43,18995.0,13.9,4.2,In Stock,https://www.reliancedigital.in/search?q=Philips+Series+2000i+Smart+Air+Purifier,2026-09-13
Philips Series 2000i Smart Air Purifier,Home,Pepperfry,17075.53,18995.0,10.1,4.3,In Stock,https://www.pepperfry.com/search?q=Philips+Series+2000i+Smart+Air+Purifier,2026-09-25
Havells Stealth Air 1200mm Ceiling Fan,Home,Amazon,4101.38,4990.0,17.8,4.7,In Stock,https://www.amazon.in/search?q=Havells+Stealth+Air+1200mm+Ceiling+Fan,2026-09-18
Havells Stealth Air 1200mm Ceiling Fan,Home,Flipkart,4145.15,4990.0,16.9,4.3,In Stock,https://www.flipkart.com/search?q=Havells+Stealth+Air+1200mm+Ceiling+Fan,2026-09-21
Havells Stealth Air 1200mm Ceiling Fan,Home,Croma,4383.5,4990.0,12.2,4.1,In Stock,https://www.croma.com/search?q=Havells+Stealth+Air+1200mm+Ceiling+Fan,2026-09-25
Havells Stealth Air 1200mm Ceiling Fan,Home,Reliance Digital,4440.48,4990.0,11.0,4.8,In Stock,https://www.reliancedigital.in/search?q=Havells+Stealth+Air+1200mm+Ceiling+Fan,2026-09-22
Havells Stealth Air 1200mm Ceiling Fan,Home,Pepperfry,4038.97,4990.0,19.1,4.2,In Stock,https://www.pepperfry.com/search?q=Havells+Stealth+Air+1200mm+Ceiling+Fan,2026-09-21
Atomberg Renesa 1200mm BLDC Motor Ceiling Fan,Home,Amazon,3337.45,3899.0,14.4,4.4,In Stock,https://www.amazon.in/search?q=Atomberg+Renesa+1200mm+BLDC+Motor+Ceiling+Fan,2026-09-16
Atomberg Renesa 1200mm BLDC Motor Ceiling Fan,Home,Flipkart,3188.19,3899.0,18.2,4.1,In Stock,https://www.flipkart.com/search?q=Atomberg+Renesa+1200mm+BLDC+Motor+Ceiling+Fan,2026-09-13
Atomberg Renesa 1200mm BLDC Motor Ceiling Fan,Home,Croma,3563.53,3899.0,8.6,3.9,In Stock,https://www.croma.com/search?q=Atomberg+Renesa+1200mm+BLDC+Motor+Ceiling+Fan,2026-09-24
Atomberg Renesa 1200mm BLDC Motor Ceiling Fan,Home,Reliance Digital,3117.68,3899.0,20.0,4.1,In Stock,https://www.reliancedigital.in/search?q=Atomberg+Renesa+1200mm+BLDC+Motor+Ceiling+Fan,2026-09-22
Atomberg Renesa 1200mm BLDC Motor Ceiling Fan,Home,Pepperfry,3581.38,3899.0,8.1,4.9,In Stock,https://www.pepperfry.com/search?q=Atomberg+Renesa+1200mm+BLDC+Motor+Ceiling+Fan,2026-09-24
Crompton SilentPro Enso 1200mm BLDC Ceiling Fan,Home,Amazon,4728.49,4999.0,5.4,4.3,In Stock,https://www.amazon.in/search?q=Crompton+SilentPro+Enso+1200mm+BLDC+Ceiling+Fan,2026-09-24
Crompton SilentPro Enso 1200mm BLDC Ceiling Fan,Home,Flipkart,4442.86,4999.0,11.1,4.2,In Stock,https://www.flipkart.com/search?q=Crompton+SilentPro+Enso+1200mm+BLDC+Ceiling+Fan,2026-09-13
Crompton SilentPro Enso 1200mm BLDC Ceiling Fan,Home,Croma,4328.14,4999.0,13.4,4.6,In Stock,https://www.croma.com/search?q=Crompton+SilentPro+Enso+1200mm+BLDC+Ceiling+Fan,2026-09-24
Crompton SilentPro Enso 1200mm BLDC Ceiling Fan,Home,Reliance Digital,3611.75,4999.0,27.8,3.9,In Stock,https://www.reliancedigital.in/search?q=Crompton+SilentPro+Enso+1200mm+BLDC+Ceiling+Fan,2026-09-24
Crompton SilentPro Enso 1200mm BLDC Ceiling Fan,Home,Pepperfry,4506.7,4999.0,9.8,4.8,In Stock,https://www.pepperfry.com/search?q=Crompton+SilentPro+Enso+1200mm+BLDC+Ceiling+Fan,2026-09-19
Bajaj New Shakti Neo 15L Storage Water Heater,Home,Amazon,5973.85,6499.0,8.1,4.6,In Stock,https://www.amazon.in/search?q=Bajaj+New+Shakti+Neo+15L+Storage+Water+Heater,2026-09-13
Bajaj New Shakti Neo 15L Storage Water Heater,Home,Flipkart,5828.43,6499.0,10.3,4.9,In Stock,https://www.flipkart.com/search?q=Bajaj+New+Shakti+Neo+15L+Storage+Water+Heater,2026-09-14
Bajaj New Shakti Neo 15L Storage Water Heater,Home,Croma,5343.62,6499.0,17.8,4.9,In Stock,https://www.croma.com/search?q=Bajaj+New+Shakti+Neo+15L+Storage+Water+Heater,2026-09-15
Bajaj New Shakti Neo 15L Storage Water Heater,Home,Reliance Digital,4677.31,6499.0,28.0,4.0,In Stock,https://www.reliancedigital.in/search?q=Bajaj+New+Shakti+Neo+15L+Storage+Water+Heater,2026-09-14
Bajaj New Shakti Neo 15L Storage Water Heater,Home,Pepperfry,5289.82,6499.0,18.6,4.1,In Stock,https://www.pepperfry.com/search?q=Bajaj+New+Shakti+Neo+15L+Storage+Water+Heater,2026-09-22
AO Smith HSE-SHS-015 Storage 15L Water Heater,Home,Amazon,7555.88,7899.0,4.3,4.5,Out of Stock,https://www.amazon.in/search?q=AO+Smith+HSE-SHS-015+Storage+15L+Water+Heater,2026-09-22
AO Smith HSE-SHS-015 Storage 15L Water Heater,Home,Flipkart,7096.87,7899.0,10.2,4.0,In Stock,https://www.flipkart.com/search?q=AO+Smith+HSE-SHS-015+Storage+15L+Water+Heater,2026-09-24
AO Smith HSE-SHS-015 Storage 15L Water Heater,Home,Croma,7082.18,7899.0,10.3,4.9,In Stock,https://www.croma.com/search?q=AO+Smith+HSE-SHS-015+Storage+15L+Water+Heater,2026-09-14
AO Smith HSE-SHS-015 Storage 15L Water Heater,Home,Reliance Digital,6413.94,7899.0,18.8,4.2,In Stock,https://www.reliancedigital.in/search?q=AO+Smith+HSE-SHS-015+Storage+15L+Water+Heater,2026-09-23
AO Smith HSE-SHS-015 Storage 15L Water Heater,Home,Pepperfry,6341.44,7899.0,19.7,4.2,Out of Stock,https://www.pepperfry.com/search?q=AO+Smith+HSE-SHS-015+Storage+15L+Water+Heater,2026-09-13
Solimo 100% Cotton 300 TC Queen Flat Bedsheet,Home,Amazon,1223.38,1299.0,5.8,4.5,In Stock,https://www.amazon.in/search?q=Solimo+100%+Cotton+300+TC+Queen+Flat+Bedsheet,2026-09-13
Solimo 100% Cotton 300 TC Queen Flat Bedsheet,Home,Flipkart,1158.79,1299.0,10.8,4.1,In Stock,https://www.flipkart.com/search?q=Solimo+100%+Cotton+300+TC+Queen+Flat+Bedsheet,2026-09-15
Solimo 100% Cotton 300 TC Queen Flat Bedsheet,Home,Croma,995.11,1299.0,23.4,4.3,In Stock,https://www.croma.com/search?q=Solimo+100%+Cotton+300+TC+Queen+Flat+Bedsheet,2026-09-14
Solimo 100% Cotton 300 TC Queen Flat Bedsheet,Home,Reliance Digital,1027.81,1299.0,20.9,4.1,In Stock,https://www.reliancedigital.in/search?q=Solimo+100%+Cotton+300+TC+Queen+Flat+Bedsheet,2026-09-14
Solimo 100% Cotton 300 TC Queen Flat Bedsheet,Home,Pepperfry,1148.55,1299.0,11.6,4.6,In Stock,https://www.pepperfry.com/search?q=Solimo+100%+Cotton+300+TC+Queen+Flat+Bedsheet,2026-09-23
Wakefit Hollow Fiber Sleeping Pillows (Set of 2),Home,Amazon,713.57,799.0,10.7,4.3,In Stock,https://www.amazon.in/search?q=Wakefit+Hollow+Fiber+Sleeping+Pillows+(Set+of+2),2026-09-16
Wakefit Hollow Fiber Sleeping Pillows (Set of 2),Home,Flipkart,669.86,799.0,16.2,3.9,In Stock,https://www.flipkart.com/search?q=Wakefit+Hollow+Fiber+Sleeping+Pillows+(Set+of+2),2026-09-21
Wakefit Hollow Fiber Sleeping Pillows (Set of 2),Home,Croma,651.75,799.0,18.4,4.3,In Stock,https://www.croma.com/search?q=Wakefit+Hollow+Fiber+Sleeping+Pillows+(Set+of+2),2026-09-17
Wakefit Hollow Fiber Sleeping Pillows (Set of 2),Home,Reliance Digital,718.25,799.0,10.1,3.8,In Stock,https://www.reliancedigital.in/search?q=Wakefit+Hollow+Fiber+Sleeping+Pillows+(Set+of+2),2026-09-13
Wakefit Hollow Fiber Sleeping Pillows (Set of 2),Home,Pepperfry,695.01,799.0,13.0,3.9,Out of Stock,https://www.pepperfry.com/search?q=Wakefit+Hollow+Fiber+Sleeping+Pillows+(Set+of+2),2026-09-12
SleepyCat Original 6-inch Orthopedic Memory Foam Mattress,Home,Amazon,10759.28,12499.0,13.9,4.3,In Stock,https://www.amazon.in/search?q=SleepyCat+Original+6-inch+Orthopedic+Memory+Foam+Mattress,2026-09-16
SleepyCat Original 6-inch Orthopedic Memory Foam Mattress,Home,Flipkart,11235.13,12499.0,10.1,4.2,In Stock,https://www.flipkart.com/search?q=SleepyCat+Original+6-inch+Orthopedic+Memory+Foam+Mattress,2026-09-15
SleepyCat Original 6-inch Orthopedic Memory Foam Mattress,Home,Croma,9932.05,12499.0,20.5,3.9,In Stock,https://www.croma.com/search?q=SleepyCat+Original+6-inch+Orthopedic+Memory+Foam+Mattress,2026-09-22
SleepyCat Original 6-inch Orthopedic Memory Foam Mattress,Home,Reliance Digital,11390.64,12499.0,8.9,3.8,In Stock,https://www.reliancedigital.in/search?q=SleepyCat+Original+6-inch+Orthopedic+Memory+Foam+Mattress,2026-09-19
SleepyCat Original 6-inch Orthopedic Memory Foam Mattress,Home,Pepperfry,10335.92,12499.0,17.3,4.6,In Stock,https://www.pepperfry.com/search?q=SleepyCat+Original+6-inch+Orthopedic+Memory+Foam+Mattress,2026-09-20
Wakefit Orthopedic Memory Foam 6-inch King Mattress,Home,Amazon,11624.7,13999.0,17.0,3.8,Limited Stock,https://www.amazon.in/search?q=Wakefit+Orthopedic+Memory+Foam+6-inch+King+Mattress,2026-09-15
Wakefit Orthopedic Memory Foam 6-inch King Mattress,Home,Flipkart,11093.88,13999.0,20.8,3.9,In Stock,https://www.flipkart.com/search?q=Wakefit+Orthopedic+Memory+Foam+6-inch+King+Mattress,2026-09-25
Wakefit Orthopedic Memory Foam 6-inch King Mattress,Home,Croma,11174.82,13999.0,20.2,4.8,In Stock,https://www.croma.com/search?q=Wakefit+Orthopedic+Memory+Foam+6-inch+King+Mattress,2026-09-13
Wakefit Orthopedic Memory Foam 6-inch King Mattress,Home,Reliance Digital,10567.14,13999.0,24.5,4.1,In Stock,https://www.reliancedigital.in/search?q=Wakefit+Orthopedic+Memory+Foam+6-inch+King+Mattress,2026-09-24
Wakefit Orthopedic Memory Foam 6-inch King Mattress,Home,Pepperfry,12706.75,13999.0,9.2,4.0,In Stock,https://www.pepperfry.com/search?q=Wakefit+Orthopedic+Memory+Foam+6-inch+King+Mattress,2026-09-24
The Sleep Company SmartGRID Orthopedic Pro Mattress,Home,Amazon,16847.34,19999.0,15.8,4.0,In Stock,https://www.amazon.in/search?q=The+Sleep+Company+SmartGRID+Orthopedic+Pro+Mattress,2026-09-22
The Sleep Company SmartGRID Orthopedic Pro Mattress,Home,Flipkart,15539.18,19999.0,22.3,4.4,In Stock,https://www.flipkart.com/search?q=The+Sleep+Company+SmartGRID+Orthopedic+Pro+Mattress,2026-09-14
The Sleep Company SmartGRID Orthopedic Pro Mattress,Home,Croma,16639.16,19999.0,16.8,4.2,In Stock,https://www.croma.com/search?q=The+Sleep+Company+SmartGRID+Orthopedic+Pro+Mattress,2026-09-15
The Sleep Company SmartGRID Orthopedic Pro Mattress,Home,Reliance Digital,18255.6,19999.0,8.7,4.7,In Stock,https://www.reliancedigital.in/search?q=The+Sleep+Company+SmartGRID+Orthopedic+Pro+Mattress,2026-09-17
The Sleep Company SmartGRID Orthopedic Pro Mattress,Home,Pepperfry,18328.86,19999.0,8.4,4.9,In Stock,https://www.pepperfry.com/search?q=The+Sleep+Company+SmartGRID+Orthopedic+Pro+Mattress,2026-09-20
Portronics Pure Sound 1 Pro 20W Bluetooth Soundbar,Home,Amazon,1658.89,1999.0,17.0,4.9,In Stock,https://www.amazon.in/search?q=Portronics+Pure+Sound+1+Pro+20W+Bluetooth+Soundbar,2026-09-19
Portronics Pure Sound 1 Pro 20W Bluetooth Soundbar,Home,Flipkart,1740.48,1999.0,12.9,4.6,In Stock,https://www.flipkart.com/search?q=Portronics+Pure+Sound+1+Pro+20W+Bluetooth+Soundbar,2026-09-16
Portronics Pure Sound 1 Pro 20W Bluetooth Soundbar,Home,Croma,1724.55,1999.0,13.7,4.4,In Stock,https://www.croma.com/search?q=Portronics+Pure+Sound+1+Pro+20W+Bluetooth+Soundbar,2026-09-20
Portronics Pure Sound 1 Pro 20W Bluetooth Soundbar,Home,Reliance Digital,1634.02,1999.0,18.3,4.2,In Stock,https://www.reliancedigital.in/search?q=Portronics+Pure+Sound+1+Pro+20W+Bluetooth+Soundbar,2026-09-21
Portronics Pure Sound 1 Pro 20W Bluetooth Soundbar,Home,Pepperfry,1662.55,1999.0,16.8,4.9,In Stock,https://www.pepperfry.com/search?q=Portronics+Pure+Sound+1+Pro+20W+Bluetooth+Soundbar,2026-09-21
Stanley Classic Vacuum Insulated Flask 1L,Home,Amazon,3123.96,3499.0,10.7,4.1,In Stock,https://www.amazon.in/search?q=Stanley+Classic+Vacuum+Insulated+Flask+1L,2026-09-14
Stanley Classic Vacuum Insulated Flask 1L,Home,Flipkart,2694.44,3499.0,23.0,4.4,In Stock,https://www.flipkart.com/search?q=Stanley+Classic+Vacuum+Insulated+Flask+1L,2026-09-16
Stanley Classic Vacuum Insulated Flask 1L,Home,Croma,3323.06,3499.0,5.0,4.2,In Stock,https://www.croma.com/search?q=Stanley+Classic+Vacuum+Insulated+Flask+1L,2026-09-20
Stanley Classic Vacuum Insulated Flask 1L,Home,Reliance Digital,3011.06,3499.0,13.9,4.1,In Stock,https://www.reliancedigital.in/search?q=Stanley+Classic+Vacuum+Insulated+Flask+1L,2026-09-16
Stanley Classic Vacuum Insulated Flask 1L,Home,Pepperfry,2664.26,3499.0,23.9,4.6,In Stock,https://www.pepperfry.com/search?q=Stanley+Classic+Vacuum+Insulated+Flask+1L,2026-09-13
Milton Stainless Steel Thermosteel Bottle 1000ml,Home,Amazon,858.9,995.0,13.7,4.8,In Stock,https://www.amazon.in/search?q=Milton+Stainless+Steel+Thermosteel+Bottle+1000ml,2026-09-12
Milton Stainless Steel Thermosteel Bottle 1000ml,Home,Flipkart,826.42,995.0,16.9,4.1,In Stock,https://www.flipkart.com/search?q=Milton+Stainless+Steel+Thermosteel+Bottle+1000ml,2026-09-16
Milton Stainless Steel Thermosteel Bottle 1000ml,Home,Croma,785.95,995.0,21.0,4.8,In Stock,https://www.croma.com/search?q=Milton+Stainless+Steel+Thermosteel+Bottle+1000ml,2026-09-11
Milton Stainless Steel Thermosteel Bottle 1000ml,Home,Reliance Digital,826.68,995.0,16.9,4.8,In Stock,https://www.reliancedigital.in/search?q=Milton+Stainless+Steel+Thermosteel+Bottle+1000ml,2026-09-22
Milton Stainless Steel Thermosteel Bottle 1000ml,Home,Pepperfry,753.93,995.0,24.2,4.8,In Stock,https://www.pepperfry.com/search?q=Milton+Stainless+Steel+Thermosteel+Bottle+1000ml,2026-09-15
Pigeon by Stovekraft Cruise 1800W Induction Cooktop,Home,Amazon,1805.31,1995.0,9.5,3.8,In Stock,https://www.amazon.in/search?q=Pigeon+by+Stovekraft+Cruise+1800W+Induction+Cooktop,2026-09-23
Pigeon by Stovekraft Cruise 1800W Induction Cooktop,Home,Flipkart,1674.01,1995.0,16.1,4.0,In Stock,https://www.flipkart.com/search?q=Pigeon+by+Stovekraft+Cruise+1800W+Induction+Cooktop,2026-09-19
Pigeon by Stovekraft Cruise 1800W Induction Cooktop,Home,Croma,1527.93,1995.0,23.4,4.4,In Stock,https://www.croma.com/search?q=Pigeon+by+Stovekraft+Cruise+1800W+Induction+Cooktop,2026-09-19
Pigeon by Stovekraft Cruise 1800W Induction Cooktop,Home,Reliance Digital,1718.98,1995.0,13.8,3.9,In Stock,https://www.reliancedigital.in/search?q=Pigeon+by+Stovekraft+Cruise+1800W+Induction+Cooktop,2026-09-16
Pigeon by Stovekraft Cruise 1800W Induction Cooktop,Home,Pepperfry,1632.12,1995.0,18.2,4.1,In Stock,https://www.pepperfry.com/search?q=Pigeon+by+Stovekraft+Cruise+1800W+Induction+Cooktop,2026-09-19
Prestige PIC 20 1600W Induction Cooktop,Home,Amazon,2295.98,2495.0,8.0,3.9,In Stock,https://www.amazon.in/search?q=Prestige+PIC+20+1600W+Induction+Cooktop,2026-09-18
Prestige PIC 20 1600W Induction Cooktop,Home,Flipkart,2148.11,2495.0,13.9,4.4,Out of Stock,https://www.flipkart.com/search?q=Prestige+PIC+20+1600W+Induction+Cooktop,2026-09-17
Prestige PIC 20 1600W Induction Cooktop,Home,Croma,2341.21,2495.0,6.2,4.7,In Stock,https://www.croma.com/search?q=Prestige+PIC+20+1600W+Induction+Cooktop,2026-09-11
Prestige PIC 20 1600W Induction Cooktop,Home,Reliance Digital,2254.71,2495.0,9.6,4.3,In Stock,https://www.reliancedigital.in/search?q=Prestige+PIC+20+1600W+Induction+Cooktop,2026-09-22
Prestige PIC 20 1600W Induction Cooktop,Home,Pepperfry,2071.32,2495.0,17.0,3.8,In Stock,https://www.pepperfry.com/search?q=Prestige+PIC+20+1600W+Induction+Cooktop,2026-09-20
Bosch 7kg 1200 RPM Fully Automatic Front Load Washing Machine,Home,Amazon,26457.94,34990.0,24.4,4.3,In Stock,https://www.amazon.in/search?q=Bosch+7kg+1200+RPM+Fully+Automatic+Front+Load+Washing+Machine,2026-09-25
Bosch 7kg 1200 RPM Fully Automatic Front Load Washing Machine,Home,Flipkart,31564.18,34990.0,9.8,4.6,In Stock,https://www.flipkart.com/search?q=Bosch+7kg+1200+RPM+Fully+Automatic+Front+Load+Washing+Machine,2026-09-14
Bosch 7kg 1200 RPM Fully Automatic Front Load Washing Machine,Home,Croma,31487.06,34990.0,10.0,3.9,Limited Stock,https://www.croma.com/search?q=Bosch+7kg+1200+RPM+Fully+Automatic+Front+Load+Washing+Machine,2026-09-11
Bosch 7kg 1200 RPM Fully Automatic Front Load Washing Machine,Home,Reliance Digital,27331.64,34990.0,21.9,4.1,In Stock,https://www.reliancedigital.in/search?q=Bosch+7kg+1200+RPM+Fully+Automatic+Front+Load+Washing+Machine,2026-09-13
Bosch 7kg 1200 RPM Fully Automatic Front Load Washing Machine,Home,Pepperfry,30421.14,34990.0,13.1,3.8,In Stock,https://www.pepperfry.com/search?q=Bosch+7kg+1200+RPM+Fully+Automatic+Front+Load+Washing+Machine,2026-09-17
IFB 6.5kg 5 Star Fully Automatic Top Load Washing Machine,Home,Amazon,15563.53,17990.0,13.5,4.6,In Stock,https://www.amazon.in/search?q=IFB+6.5kg+5+Star+Fully+Automatic+Top+Load+Washing+Machine,2026-09-16
IFB 6.5kg 5 Star Fully Automatic Top Load Washing Machine,Home,Flipkart,16734.92,17990.0,7.0,4.6,In Stock,https://www.flipkart.com/search?q=IFB+6.5kg+5+Star+Fully+Automatic+Top+Load+Washing+Machine,2026-09-16
IFB 6.5kg 5 Star Fully Automatic Top Load Washing Machine,Home,Croma,14649.94,17990.0,18.6,4.1,In Stock,https://www.croma.com/search?q=IFB+6.5kg+5+Star+Fully+Automatic+Top+Load+Washing+Machine,2026-09-22
IFB 6.5kg 5 Star Fully Automatic Top Load Washing Machine,Home,Reliance Digital,14247.14,17990.0,20.8,3.9,In Stock,https://www.reliancedigital.in/search?q=IFB+6.5kg+5+Star+Fully+Automatic+Top+Load+Washing+Machine,2026-09-25
IFB 6.5kg 5 Star Fully Automatic Top Load Washing Machine,Home,Pepperfry,14924.42,17990.0,17.0,4.5,Limited Stock,https://www.pepperfry.com/search?q=IFB+6.5kg+5+Star+Fully+Automatic+Top+Load+Washing+Machine,2026-09-20
LG 7kg 5 Star Inverter Touch Control Front Load Washing Machine,Home,Amazon,30943.64,32990.0,6.2,4.8,In Stock,https://www.amazon.in/search?q=LG+7kg+5+Star+Inverter+Touch+Control+Front+Load+Washing+Machine,2026-09-22
LG 7kg 5 Star Inverter Touch Control Front Load Washing Machine,Home,Flipkart,27853.53,32990.0,15.6,4.6,Limited Stock,https://www.flipkart.com/search?q=LG+7kg+5+Star+Inverter+Touch+Control+Front+Load+Washing+Machine,2026-09-18
LG 7kg 5 Star Inverter Touch Control Front Load Washing Machine,Home,Croma,26898.37,32990.0,18.5,4.0,In Stock,https://www.croma.com/search?q=LG+7kg+5+Star+Inverter+Touch+Control+Front+Load+Washing+Machine,2026-09-18
LG 7kg 5 Star Inverter Touch Control Front Load Washing Machine,Home,Reliance Digital,25879.72,32990.0,21.6,3.8,Limited Stock,https://www.reliancedigital.in/search?q=LG+7kg+5+Star+Inverter+Touch+Control+Front+Load+Washing+Machine,2026-09-21
LG 7kg 5 Star Inverter Touch Control Front Load Washing Machine,Home,Pepperfry,28689.47,32990.0,13.0,4.0,In Stock,https://www.pepperfry.com/search?q=LG+7kg+5+Star+Inverter+Touch+Control+Front+Load+Washing+Machine,2026-09-20
Samsung 7kg Fully Automatic Top Load Washing Machine,Home,Amazon,14952.57,16490.0,9.3,4.9,Out of Stock,https://www.amazon.in/search?q=Samsung+7kg+Fully+Automatic+Top+Load+Washing+Machine,2026-09-21
Samsung 7kg Fully Automatic Top Load Washing Machine,Home,Flipkart,13674.28,16490.0,17.1,4.8,Limited Stock,https://www.flipkart.com/search?q=Samsung+7kg+Fully+Automatic+Top+Load+Washing+Machine,2026-09-12
Samsung 7kg Fully Automatic Top Load Washing Machine,Home,Croma,11982.53,16490.0,27.3,4.8,In Stock,https://www.croma.com/search?q=Samsung+7kg+Fully+Automatic+Top+Load+Washing+Machine,2026-09-20
Samsung 7kg Fully Automatic Top Load Washing Machine,Home,Reliance Digital,12841.67,16490.0,22.1,3.9,In Stock,https://www.reliancedigital.in/search?q=Samsung+7kg+Fully+Automatic+Top+Load+Washing+Machine,2026-09-15
Samsung 7kg Fully Automatic Top Load Washing Machine,Home,Pepperfry,13344.91,16490.0,19.1,4.1,In Stock,https://www.pepperfry.com/search?q=Samsung+7kg+Fully+Automatic+Top+Load+Washing+Machine,2026-09-23
Faber 60cm Curved Glass Autoclean Kitchen Chimney,Home,Amazon,11706.59,12990.0,9.9,4.5,In Stock,https://www.amazon.in/search?q=Faber+60cm+Curved+Glass+Autoclean+Kitchen+Chimney,2026-09-23
Faber 60cm Curved Glass Autoclean Kitchen Chimney,Home,Flipkart,12430.74,12990.0,4.3,4.4,In Stock,https://www.flipkart.com/search?q=Faber+60cm+Curved+Glass+Autoclean+Kitchen+Chimney,2026-09-12
Faber 60cm Curved Glass Autoclean Kitchen Chimney,Home,Croma,10656.84,12990.0,18.0,4.8,Limited Stock,https://www.croma.com/search?q=Faber+60cm+Curved+Glass+Autoclean+Kitchen+Chimney,2026-09-19
Faber 60cm Curved Glass Autoclean Kitchen Chimney,Home,Reliance Digital,9223.68,12990.0,29.0,4.0,Limited Stock,https://www.reliancedigital.in/search?q=Faber+60cm+Curved+Glass+Autoclean+Kitchen+Chimney,2026-09-11
Faber 60cm Curved Glass Autoclean Kitchen Chimney,Home,Pepperfry,12256.52,12990.0,5.6,4.4,In Stock,https://www.pepperfry.com/search?q=Faber+60cm+Curved+Glass+Autoclean+Kitchen+Chimney,2026-09-23
Hindware 60cm 1200 m3/hr Pyramid Kitchen Chimney,Home,Amazon,7130.8,8990.0,20.7,4.6,In Stock,https://www.amazon.in/search?q=Hindware+60cm+1200+m3/hr+Pyramid+Kitchen+Chimney,2026-09-11
Hindware 60cm 1200 m3/hr Pyramid Kitchen Chimney,Home,Flipkart,6779.5,8990.0,24.6,4.1,In Stock,https://www.flipkart.com/search?q=Hindware+60cm+1200+m3/hr+Pyramid+Kitchen+Chimney,2026-09-12
Hindware 60cm 1200 m3/hr Pyramid Kitchen Chimney,Home,Croma,6595.45,8990.0,26.6,4.1,In Stock,https://www.croma.com/search?q=Hindware+60cm+1200+m3/hr+Pyramid+Kitchen+Chimney,2026-09-24
Hindware 60cm 1200 m3/hr Pyramid Kitchen Chimney,Home,Reliance Digital,8479.22,8990.0,5.7,4.9,In Stock,https://www.reliancedigital.in/search?q=Hindware+60cm+1200+m3/hr+Pyramid+Kitchen+Chimney,2026-09-16
Hindware 60cm 1200 m3/hr Pyramid Kitchen Chimney,Home,Pepperfry,8005.29,8990.0,11.0,4.1,In Stock,https://www.pepperfry.com/search?q=Hindware+60cm+1200+m3/hr+Pyramid+Kitchen+Chimney,2026-09-20
Godrej 236L 2 Star Frost Free Double Door Refrigerator,Home,Amazon,18143.09,21990.0,17.5,3.9,In Stock,https://www.amazon.in/search?q=Godrej+236L+2+Star+Frost+Free+Double+Door+Refrigerator,2026-09-18
Godrej 236L 2 Star Frost Free Double Door Refrigerator,Home,Flipkart,19452.51,21990.0,11.5,4.7,In Stock,https://www.flipkart.com/search?q=Godrej+236L+2+Star+Frost+Free+Double+Door+Refrigerator,2026-09-23
Godrej 236L 2 Star Frost Free Double Door Refrigerator,Home,Croma,20045.12,21990.0,8.8,4.2,Out of Stock,https://www.croma.com/search?q=Godrej+236L+2+Star+Frost+Free+Double+Door+Refrigerator,2026-09-11
Godrej 236L 2 Star Frost Free Double Door Refrigerator,Home,Reliance Digital,18887.17,21990.0,14.1,4.6,Out of Stock,https://www.reliancedigital.in/search?q=Godrej+236L+2+Star+Frost+Free+Double+Door+Refrigerator,2026-09-13
Godrej 236L 2 Star Frost Free Double Door Refrigerator,Home,Pepperfry,20216.64,21990.0,8.1,4.9,In Stock,https://www.pepperfry.com/search?q=Godrej+236L+2+Star+Frost+Free+Double+Door+Refrigerator,2026-09-16
Samsung 236L 3 Star Digital Inverter Double Door Refrigerator,Home,Amazon,23274.66,25990.0,10.4,4.3,In Stock,https://www.amazon.in/search?q=Samsung+236L+3+Star+Digital+Inverter+Double+Door+Refrigerator,2026-09-19
Samsung 236L 3 Star Digital Inverter Double Door Refrigerator,Home,Flipkart,21691.34,25990.0,16.5,4.7,In Stock,https://www.flipkart.com/search?q=Samsung+236L+3+Star+Digital+Inverter+Double+Door+Refrigerator,2026-09-19
Samsung 236L 3 Star Digital Inverter Double Door Refrigerator,Home,Croma,20426.35,25990.0,21.4,4.5,In Stock,https://www.croma.com/search?q=Samsung+236L+3+Star+Digital+Inverter+Double+Door+Refrigerator,2026-09-11
Samsung 236L 3 Star Digital Inverter Double Door Refrigerator,Home,Reliance Digital,23705.27,25990.0,8.8,3.9,In Stock,https://www.reliancedigital.in/search?q=Samsung+236L+3+Star+Digital+Inverter+Double+Door+Refrigerator,2026-09-11
Samsung 236L 3 Star Digital Inverter Double Door Refrigerator,Home,Pepperfry,19848.87,25990.0,23.6,4.4,In Stock,https://www.pepperfry.com/search?q=Samsung+236L+3+Star+Digital+Inverter+Double+Door+Refrigerator,2026-09-14
Whirlpool 184L 4 Star Direct Cool Single Door Refrigerator,Home,Amazon,14027.09,15490.0,9.4,4.6,Out of Stock,https://www.amazon.in/search?q=Whirlpool+184L+4+Star+Direct+Cool+Single+Door+Refrigerator,2026-09-22
Whirlpool 184L 4 Star Direct Cool Single Door Refrigerator,Home,Flipkart,13953.9,15490.0,9.9,4.1,In Stock,https://www.flipkart.com/search?q=Whirlpool+184L+4+Star+Direct+Cool+Single+Door+Refrigerator,2026-09-18
Whirlpool 184L 4 Star Direct Cool Single Door Refrigerator,Home,Croma,13906.79,15490.0,10.2,4.8,In Stock,https://www.croma.com/search?q=Whirlpool+184L+4+Star+Direct+Cool+Single+Door+Refrigerator,2026-09-11
Whirlpool 184L 4 Star Direct Cool Single Door Refrigerator,Home,Reliance Digital,12111.78,15490.0,21.8,4.3,In Stock,https://www.reliancedigital.in/search?q=Whirlpool+184L+4+Star+Direct+Cool+Single+Door+Refrigerator,2026-09-24
Whirlpool 184L 4 Star Direct Cool Single Door Refrigerator,Home,Pepperfry,12994.9,15490.0,16.1,4.8,In Stock,https://www.pepperfry.com/search?q=Whirlpool+184L+4+Star+Direct+Cool+Single+Door+Refrigerator,2026-09-19
LG 190L 4 Star Smart Inverter Single Door Refrigerator,Home,Amazon,14851.72,16990.0,12.6,4.0,In Stock,https://www.amazon.in/search?q=LG+190L+4+Star+Smart+Inverter+Single+Door+Refrigerator,2026-09-14
LG 190L 4 Star Smart Inverter Single Door Refrigerator,Home,Flipkart,13145.17,16990.0,22.6,3.9,In Stock,https://www.flipkart.com/search?q=LG+190L+4+Star+Smart+Inverter+Single+Door+Refrigerator,2026-09-15
LG 190L 4 Star Smart Inverter Single Door Refrigerator,Home,Croma,12918.26,16990.0,24.0,4.6,In Stock,https://www.croma.com/search?q=LG+190L+4+Star+Smart+Inverter+Single+Door+Refrigerator,2026-09-24
LG 190L 4 Star Smart Inverter Single Door Refrigerator,Home,Reliance Digital,13470.93,16990.0,20.7,3.9,In Stock,https://www.reliancedigital.in/search?q=LG+190L+4+Star+Smart+Inverter+Single+Door+Refrigerator,2026-09-14
LG 190L 4 Star Smart Inverter Single Door Refrigerator,Home,Pepperfry,13984.7,16990.0,17.7,4.8,In Stock,https://www.pepperfry.com/search?q=LG+190L+4+Star+Smart+Inverter+Single+Door+Refrigerator,2026-09-19
Morphy Richards 24L Convection Microwave Oven,Home,Amazon,10904.48,11495.0,5.1,4.2,In Stock,https://www.amazon.in/search?q=Morphy+Richards+24L+Convection+Microwave+Oven,2026-09-12
Morphy Richards 24L Convection Microwave Oven,Home,Flipkart,9353.85,11495.0,18.6,4.0,In Stock,https://www.flipkart.com/search?q=Morphy+Richards+24L+Convection+Microwave+Oven,2026-09-19
Morphy Richards 24L Convection Microwave Oven,Home,Croma,9236.97,11495.0,19.6,4.9,In Stock,https://www.croma.com/search?q=Morphy+Richards+24L+Convection+Microwave+Oven,2026-09-23
Morphy Richards 24L Convection Microwave Oven,Home,Reliance Digital,10607.68,11495.0,7.7,4.0,In Stock,https://www.reliancedigital.in/search?q=Morphy+Richards+24L+Convection+Microwave+Oven,2026-09-21
Morphy Richards 24L Convection Microwave Oven,Home,Pepperfry,9941.61,11495.0,13.5,4.3,In Stock,https://www.pepperfry.com/search?q=Morphy+Richards+24L+Convection+Microwave+Oven,2026-09-16
IFB 30L Convection Microwave Oven 30BRC2,Home,Amazon,13658.39,15290.0,10.7,4.4,In Stock,https://www.amazon.in/search?q=IFB+30L+Convection+Microwave+Oven+30BRC2,2026-09-19
IFB 30L Convection Microwave Oven 30BRC2,Home,Flipkart,13037.22,15290.0,14.7,3.8,Limited Stock,https://www.flipkart.com/search?q=IFB+30L+Convection+Microwave+Oven+30BRC2,2026-09-21
IFB 30L Convection Microwave Oven 30BRC2,Home,Croma,12576.06,15290.0,17.7,4.7,In Stock,https://www.croma.com/search?q=IFB+30L+Convection+Microwave+Oven+30BRC2,2026-09-23
IFB 30L Convection Microwave Oven 30BRC2,Home,Reliance Digital,13492.55,15290.0,11.8,4.0,In Stock,https://www.reliancedigital.in/search?q=IFB+30L+Convection+Microwave+Oven+30BRC2,2026-09-16
IFB 30L Convection Microwave Oven 30BRC2,Home,Pepperfry,13201.55,15290.0,13.7,4.8,In Stock,https://www.pepperfry.com/search?q=IFB+30L+Convection+Microwave+Oven+30BRC2,2026-09-19
Panasonic 20L Solo Microwave Oven,Home,Amazon,5860.77,6490.0,9.7,4.1,In Stock,https://www.amazon.in/search?q=Panasonic+20L+Solo+Microwave+Oven,2026-09-14
Panasonic 20L Solo Microwave Oven,Home,Flipkart,5242.56,6490.0,19.2,4.0,In Stock,https://www.flipkart.com/search?q=Panasonic+20L+Solo+Microwave+Oven,2026-09-16
Panasonic 20L Solo Microwave Oven,Home,Croma,6099.45,6490.0,6.0,4.6,In Stock,https://www.croma.com/search?q=Panasonic+20L+Solo+Microwave+Oven,2026-09-11
Panasonic 20L Solo Microwave Oven,Home,Reliance Digital,5987.15,6490.0,7.7,4.3,In Stock,https://www.reliancedigital.in/search?q=Panasonic+20L+Solo+Microwave+Oven,2026-09-21
Panasonic 20L Solo Microwave Oven,Home,Pepperfry,5951.68,6490.0,8.3,4.7,In Stock,https://www.pepperfry.com/search?q=Panasonic+20L+Solo+Microwave+Oven,2026-09-19
Prestige Deluxe Alpha Stainless Steel 3L Pressure Cooker,Home,Amazon,1762.14,2150.0,18.0,4.5,In Stock,https://www.amazon.in/search?q=Prestige+Deluxe+Alpha+Stainless+Steel+3L+Pressure+Cooker,2026-09-14
Prestige Deluxe Alpha Stainless Steel 3L Pressure Cooker,Home,Flipkart,1806.52,2150.0,16.0,3.9,In Stock,https://www.flipkart.com/search?q=Prestige+Deluxe+Alpha+Stainless+Steel+3L+Pressure+Cooker,2026-09-16
Prestige Deluxe Alpha Stainless Steel 3L Pressure Cooker,Home,Croma,1550.26,2150.0,27.9,4.1,In Stock,https://www.croma.com/search?q=Prestige+Deluxe+Alpha+Stainless+Steel+3L+Pressure+Cooker,2026-09-20
Prestige Deluxe Alpha Stainless Steel 3L Pressure Cooker,Home,Reliance Digital,1778.03,2150.0,17.3,4.5,Limited Stock,https://www.reliancedigital.in/search?q=Prestige+Deluxe+Alpha+Stainless+Steel+3L+Pressure+Cooker,2026-09-16
Prestige Deluxe Alpha Stainless Steel 3L Pressure Cooker,Home,Pepperfry,1790.79,2150.0,16.7,4.5,In Stock,https://www.pepperfry.com/search?q=Prestige+Deluxe+Alpha+Stainless+Steel+3L+Pressure+Cooker,2026-09-23
Hawkins Contura 3L Hard Anodized Pressure Cooker,Home,Amazon,1743.83,1950.0,10.6,4.1,In Stock,https://www.amazon.in/search?q=Hawkins+Contura+3L+Hard+Anodized+Pressure+Cooker,2026-09-24
Hawkins Contura 3L Hard Anodized Pressure Cooker,Home,Flipkart,1693.98,1950.0,13.1,3.9,In Stock,https://www.flipkart.com/search?q=Hawkins+Contura+3L+Hard+Anodized+Pressure+Cooker,2026-09-13
Hawkins Contura 3L Hard Anodized Pressure Cooker,Home,Croma,1660.05,1950.0,14.9,3.9,In Stock,https://www.croma.com/search?q=Hawkins+Contura+3L+Hard+Anodized+Pressure+Cooker,2026-09-13
Hawkins Contura 3L Hard Anodized Pressure Cooker,Home,Reliance Digital,1795.69,1950.0,7.9,4.0,In Stock,https://www.reliancedigital.in/search?q=Hawkins+Contura+3L+Hard+Anodized+Pressure+Cooker,2026-09-13
Hawkins Contura 3L Hard Anodized Pressure Cooker,Home,Pepperfry,1758.03,1950.0,9.8,4.4,In Stock,https://www.pepperfry.com/search?q=Hawkins+Contura+3L+Hard+Anodized+Pressure+Cooker,2026-09-24
Borosil Glass Mixing Bowls Set of 3,Home,Amazon,1054.51,1195.0,11.8,4.6,In Stock,https://www.amazon.in/search?q=Borosil+Glass+Mixing+Bowls+Set+of+3,2026-09-25
Borosil Glass Mixing Bowls Set of 3,Home,Flipkart,1092.94,1195.0,8.5,4.7,Limited Stock,https://www.flipkart.com/search?q=Borosil+Glass+Mixing+Bowls+Set+of+3,2026-09-18
Borosil Glass Mixing Bowls Set of 3,Home,Croma,907.89,1195.0,24.0,4.5,In Stock,https://www.croma.com/search?q=Borosil+Glass+Mixing+Bowls+Set+of+3,2026-09-15
Borosil Glass Mixing Bowls Set of 3,Home,Reliance Digital,906.91,1195.0,24.1,4.8,In Stock,https://www.reliancedigital.in/search?q=Borosil+Glass+Mixing+Bowls+Set+of+3,2026-09-12
Borosil Glass Mixing Bowls Set of 3,Home,Pepperfry,950.96,1195.0,20.4,4.7,In Stock,https://www.pepperfry.com/search?q=Borosil+Glass+Mixing+Bowls+Set+of+3,2026-09-14
Solimo Stainless Steel Knife Set 3-Piece,Home,Amazon,587.2,699.0,16.0,3.8,In Stock,https://www.amazon.in/search?q=Solimo+Stainless+Steel+Knife+Set+3-Piece,2026-09-20
Solimo Stainless Steel Knife Set 3-Piece,Home,Flipkart,543.41,699.0,22.3,4.2,Out of Stock,https://www.flipkart.com/search?q=Solimo+Stainless+Steel+Knife+Set+3-Piece,2026-09-21
Solimo Stainless Steel Knife Set 3-Piece,Home,Croma,597.74,699.0,14.5,4.2,In Stock,https://www.croma.com/search?q=Solimo+Stainless+Steel+Knife+Set+3-Piece,2026-09-23
Solimo Stainless Steel Knife Set 3-Piece,Home,Reliance Digital,593.13,699.0,15.1,4.5,In Stock,https://www.reliancedigital.in/search?q=Solimo+Stainless+Steel+Knife+Set+3-Piece,2026-09-13
Solimo Stainless Steel Knife Set 3-Piece,Home,Pepperfry,543.84,699.0,22.2,4.6,In Stock,https://www.pepperfry.com/search?q=Solimo+Stainless+Steel+Knife+Set+3-Piece,2026-09-24
Cello Opalware Dazzle Tropical Lagoon Dinner Set 18-Piece,Home,Amazon,1733.06,1899.0,8.7,4.3,Out of Stock,https://www.amazon.in/search?q=Cello+Opalware+Dazzle+Tropical+Lagoon+Dinner+Set+18-Piece,2026-09-22
Cello Opalware Dazzle Tropical Lagoon Dinner Set 18-Piece,Home,Flipkart,1773.18,1899.0,6.6,4.2,In Stock,https://www.flipkart.com/search?q=Cello+Opalware+Dazzle+Tropical+Lagoon+Dinner+Set+18-Piece,2026-09-22
Cello Opalware Dazzle Tropical Lagoon Dinner Set 18-Piece,Home,Croma,1577.27,1899.0,16.9,3.8,In Stock,https://www.croma.com/search?q=Cello+Opalware+Dazzle+Tropical+Lagoon+Dinner+Set+18-Piece,2026-09-17
Cello Opalware Dazzle Tropical Lagoon Dinner Set 18-Piece,Home,Reliance Digital,1669.74,1899.0,12.1,4.3,In Stock,https://www.reliancedigital.in/search?q=Cello+Opalware+Dazzle+Tropical+Lagoon+Dinner+Set+18-Piece,2026-09-21
Cello Opalware Dazzle Tropical Lagoon Dinner Set 18-Piece,Home,Pepperfry,1704.47,1899.0,10.2,4.8,In Stock,https://www.pepperfry.com/search?q=Cello+Opalware+Dazzle+Tropical+Lagoon+Dinner+Set+18-Piece,2026-09-17
Pigeon 4-Piece Non-Stick Cookware Set,Home,Amazon,1663.39,1799.0,7.5,4.6,In Stock,https://www.amazon.in/search?q=Pigeon+4-Piece+Non-Stick+Cookware+Set,2026-09-14
Pigeon 4-Piece Non-Stick Cookware Set,Home,Flipkart,1670.54,1799.0,7.1,4.1,In Stock,https://www.flipkart.com/search?q=Pigeon+4-Piece+Non-Stick+Cookware+Set,2026-09-12
Pigeon 4-Piece Non-Stick Cookware Set,Home,Croma,1651.25,1799.0,8.2,4.3,In Stock,https://www.croma.com/search?q=Pigeon+4-Piece+Non-Stick+Cookware+Set,2026-09-17
Pigeon 4-Piece Non-Stick Cookware Set,Home,Reliance Digital,1380.88,1799.0,23.2,3.8,In Stock,https://www.reliancedigital.in/search?q=Pigeon+4-Piece+Non-Stick+Cookware+Set,2026-09-15
Pigeon 4-Piece Non-Stick Cookware Set,Home,Pepperfry,1540.33,1799.0,14.4,4.0,In Stock,https://www.pepperfry.com/search?q=Pigeon+4-Piece+Non-Stick+Cookware+Set,2026-09-20
Prestige Omega Deluxe Granite 3-Piece Cookware Set,Home,Amazon,1948.31,2399.0,18.8,4.1,In Stock,https://www.amazon.in/search?q=Prestige+Omega+Deluxe+Granite+3-Piece+Cookware+Set,2026-09-24
Prestige Omega Deluxe Granite 3-Piece Cookware Set,Home,Flipkart,2086.29,2399.0,13.0,4.4,In Stock,https://www.flipkart.com/search?q=Prestige+Omega+Deluxe+Granite+3-Piece+Cookware+Set,2026-09-20
Prestige Omega Deluxe Granite 3-Piece Cookware Set,Home,Croma,2119.09,2399.0,11.7,4.8,In Stock,https://www.croma.com/search?q=Prestige+Omega+Deluxe+Granite+3-Piece+Cookware+Set,2026-09-16
Prestige Omega Deluxe Granite 3-Piece Cookware Set,Home,Reliance Digital,2227.5,2399.0,7.1,4.5,In Stock,https://www.reliancedigital.in/search?q=Prestige+Omega+Deluxe+Granite+3-Piece+Cookware+Set,2026-09-18
Prestige Omega Deluxe Granite 3-Piece Cookware Set,Home,Pepperfry,2295.04,2399.0,4.3,4.8,In Stock,https://www.pepperfry.com/search?q=Prestige+Omega+Deluxe+Granite+3-Piece+Cookware+Set,2026-09-19
Philips Daily Collection 300W Hand Mixer,Home,Amazon,1699.85,1895.0,10.3,4.0,In Stock,https://www.amazon.in/search?q=Philips+Daily+Collection+300W+Hand+Mixer,2026-09-16
Philips Daily Collection 300W Hand Mixer,Home,Flipkart,1564.33,1895.0,17.4,4.3,In Stock,https://www.flipkart.com/search?q=Philips+Daily+Collection+300W+Hand+Mixer,2026-09-20
Philips Daily Collection 300W Hand Mixer,Home,Croma,1481.03,1895.0,21.8,4.5,In Stock,https://www.croma.com/search?q=Philips+Daily+Collection+300W+Hand+Mixer,2026-09-11
Philips Daily Collection 300W Hand Mixer,Home,Reliance Digital,1561.62,1895.0,17.6,3.9,In Stock,https://www.reliancedigital.in/search?q=Philips+Daily+Collection+300W+Hand+Mixer,2026-09-11
Philips Daily Collection 300W Hand Mixer,Home,Pepperfry,1725.62,1895.0,8.9,4.1,In Stock,https://www.pepperfry.com/search?q=Philips+Daily+Collection+300W+Hand+Mixer,2026-09-13
Kent 16044 Hand Blender 300W with Stainless Steel Blade,Home,Amazon,1372.17,1499.0,8.5,4.0,In Stock,https://www.amazon.in/search?q=Kent+16044+Hand+Blender+300W+with+Stainless+Steel+Blade,2026-09-16
Kent 16044 Hand Blender 300W with Stainless Steel Blade,Home,Flipkart,1363.2,1499.0,9.1,4.0,Limited Stock,https://www.flipkart.com/search?q=Kent+16044+Hand+Blender+300W+with+Stainless+Steel+Blade,2026-09-20
Kent 16044 Hand Blender 300W with Stainless Steel Blade,Home,Croma,1122.87,1499.0,25.1,4.3,In Stock,https://www.croma.com/search?q=Kent+16044+Hand+Blender+300W+with+Stainless+Steel+Blade,2026-09-18
Kent 16044 Hand Blender 300W with Stainless Steel Blade,Home,Reliance Digital,1279.58,1499.0,14.6,4.7,In Stock,https://www.reliancedigital.in/search?q=Kent+16044+Hand+Blender+300W+with+Stainless+Steel+Blade,2026-09-20
Kent 16044 Hand Blender 300W with Stainless Steel Blade,Home,Pepperfry,1363.04,1499.0,9.1,3.9,In Stock,https://www.pepperfry.com/search?q=Kent+16044+Hand+Blender+300W+with+Stainless+Steel+Blade,2026-09-13
Pigeon by Stovekraft 1.5L Stainless Steel Electric Kettle,Home,Amazon,563.61,649.0,13.2,3.9,In Stock,https://www.amazon.in/search?q=Pigeon+by+Stovekraft+1.5L+Stainless+Steel+Electric+Kettle,2026-09-18
Pigeon by Stovekraft 1.5L Stainless Steel Electric Kettle,Home,Flipkart,579.08,649.0,10.8,4.5,In Stock,https://www.flipkart.com/search?q=Pigeon+by+Stovekraft+1.5L+Stainless+Steel+Electric+Kettle,2026-09-18
Pigeon by Stovekraft 1.5L Stainless Steel Electric Kettle,Home,Croma,569.61,649.0,12.2,4.7,In Stock,https://www.croma.com/search?q=Pigeon+by+Stovekraft+1.5L+Stainless+Steel+Electric+Kettle,2026-09-13
Pigeon by Stovekraft 1.5L Stainless Steel Electric Kettle,Home,Reliance Digital,514.36,649.0,20.7,4.2,In Stock,https://www.reliancedigital.in/search?q=Pigeon+by+Stovekraft+1.5L+Stainless+Steel+Electric+Kettle,2026-09-23
Pigeon by Stovekraft 1.5L Stainless Steel Electric Kettle,Home,Pepperfry,594.67,649.0,8.4,4.8,In Stock,https://www.pepperfry.com/search?q=Pigeon+by+Stovekraft+1.5L+Stainless+Steel+Electric+Kettle,2026-09-18
Havells Aqua Plus 1.2L 1500W Stainless Steel Kettle,Home,Amazon,1203.24,1399.0,14.0,4.2,In Stock,https://www.amazon.in/search?q=Havells+Aqua+Plus+1.2L+1500W+Stainless+Steel+Kettle,2026-09-18
Havells Aqua Plus 1.2L 1500W Stainless Steel Kettle,Home,Flipkart,1112.23,1399.0,20.5,3.9,In Stock,https://www.flipkart.com/search?q=Havells+Aqua+Plus+1.2L+1500W+Stainless+Steel+Kettle,2026-09-12
Havells Aqua Plus 1.2L 1500W Stainless Steel Kettle,Home,Croma,1078.92,1399.0,22.9,4.2,In Stock,https://www.croma.com/search?q=Havells+Aqua+Plus+1.2L+1500W+Stainless+Steel+Kettle,2026-09-25
Havells Aqua Plus 1.2L 1500W Stainless Steel Kettle,Home,Reliance Digital,1101.11,1399.0,21.3,4.8,Limited Stock,https://www.reliancedigital.in/search?q=Havells+Aqua+Plus+1.2L+1500W+Stainless+Steel+Kettle,2026-09-15
Havells Aqua Plus 1.2L 1500W Stainless Steel Kettle,Home,Pepperfry,1081.56,1399.0,22.7,4.5,In Stock,https://www.pepperfry.com/search?q=Havells+Aqua+Plus+1.2L+1500W+Stainless+Steel+Kettle,2026-09-21
Morphy Richards Europa 800W Espresso & Cappuccino Maker,Home,Amazon,4245.32,4995.0,15.0,4.0,In Stock,https://www.amazon.in/search?q=Morphy+Richards+Europa+800W+Espresso+&+Cappuccino+Maker,2026-09-20
Morphy Richards Europa 800W Espresso & Cappuccino Maker,Home,Flipkart,4101.61,4995.0,17.9,4.5,Limited Stock,https://www.flipkart.com/search?q=Morphy+Richards+Europa+800W+Espresso+&+Cappuccino+Maker,2026-09-11
Morphy Richards Europa 800W Espresso & Cappuccino Maker,Home,Croma,3730.0,4995.0,25.3,4.2,In Stock,https://www.croma.com/search?q=Morphy+Richards+Europa+800W+Espresso+&+Cappuccino+Maker,2026-09-25
Morphy Richards Europa 800W Espresso & Cappuccino Maker,Home,Reliance Digital,4107.59,4995.0,17.8,4.7,In Stock,https://www.reliancedigital.in/search?q=Morphy+Richards+Europa+800W+Espresso+&+Cappuccino+Maker,2026-09-25
Morphy Richards Europa 800W Espresso & Cappuccino Maker,Home,Pepperfry,4179.63,4995.0,16.3,3.9,In Stock,https://www.pepperfry.com/search?q=Morphy+Richards+Europa+800W+Espresso+&+Cappuccino+Maker,2026-09-12
Wonderchef Regalia Capsule Coffee Machine,Home,Amazon,8226.22,8999.0,8.6,4.1,In Stock,https://www.amazon.in/search?q=Wonderchef+Regalia+Capsule+Coffee+Machine,2026-09-19
Wonderchef Regalia Capsule Coffee Machine,Home,Flipkart,7928.44,8999.0,11.9,4.1,In Stock,https://www.flipkart.com/search?q=Wonderchef+Regalia+Capsule+Coffee+Machine,2026-09-19
Wonderchef Regalia Capsule Coffee Machine,Home,Croma,8108.07,8999.0,9.9,4.0,In Stock,https://www.croma.com/search?q=Wonderchef+Regalia+Capsule+Coffee+Machine,2026-09-17
Wonderchef Regalia Capsule Coffee Machine,Home,Reliance Digital,6757.11,8999.0,24.9,4.7,In Stock,https://www.reliancedigital.in/search?q=Wonderchef+Regalia+Capsule+Coffee+Machine,2026-09-12
Wonderchef Regalia Capsule Coffee Machine,Home,Pepperfry,8140.87,8999.0,9.5,3.9,In Stock,https://www.pepperfry.com/search?q=Wonderchef+Regalia+Capsule+Coffee+Machine,2026-09-14
Godrej Security Solutions Forte Pro Digital Electronic Safe,Home,Amazon,4854.21,5999.0,19.1,4.9,In Stock,https://www.amazon.in/search?q=Godrej+Security+Solutions+Forte+Pro+Digital+Electronic+Safe,2026-09-23
Godrej Security Solutions Forte Pro Digital Electronic Safe,Home,Flipkart,5277.42,5999.0,12.0,4.3,In Stock,https://www.flipkart.com/search?q=Godrej+Security+Solutions+Forte+Pro+Digital+Electronic+Safe,2026-09-16
Godrej Security Solutions Forte Pro Digital Electronic Safe,Home,Croma,4762.21,5999.0,20.6,4.3,In Stock,https://www.croma.com/search?q=Godrej+Security+Solutions+Forte+Pro+Digital+Electronic+Safe,2026-09-12
Godrej Security Solutions Forte Pro Digital Electronic Safe,Home,Reliance Digital,5167.76,5999.0,13.9,4.0,In Stock,https://www.reliancedigital.in/search?q=Godrej+Security+Solutions+Forte+Pro+Digital+Electronic+Safe,2026-09-16
Godrej Security Solutions Forte Pro Digital Electronic Safe,Home,Pepperfry,4762.66,5999.0,20.6,4.6,In Stock,https://www.pepperfry.com/search?q=Godrej+Security+Solutions+Forte+Pro+Digital+Electronic+Safe,2026-09-11
D-Link 2MP Full HD Pan & Tilt Smart Home Security Camera,Home,Amazon,1944.57,2199.0,11.6,4.9,In Stock,https://www.amazon.in/search?q=D-Link+2MP+Full+HD+Pan+&+Tilt+Smart+Home+Security+Camera,2026-09-14
D-Link 2MP Full HD Pan & Tilt Smart Home Security Camera,Home,Flipkart,1892.28,2199.0,13.9,4.9,In Stock,https://www.flipkart.com/search?q=D-Link+2MP+Full+HD+Pan+&+Tilt+Smart+Home+Security+Camera,2026-09-14
D-Link 2MP Full HD Pan & Tilt Smart Home Security Camera,Home,Croma,1609.05,2199.0,26.8,4.9,In Stock,https://www.croma.com/search?q=D-Link+2MP+Full+HD+Pan+&+Tilt+Smart+Home+Security+Camera,2026-09-18
D-Link 2MP Full HD Pan & Tilt Smart Home Security Camera,Home,Reliance Digital,1813.03,2199.0,17.6,4.5,In Stock,https://www.reliancedigital.in/search?q=D-Link+2MP+Full+HD+Pan+&+Tilt+Smart+Home+Security+Camera,2026-09-15
D-Link 2MP Full HD Pan & Tilt Smart Home Security Camera,Home,Pepperfry,1618.1,2199.0,26.4,3.9,In Stock,https://www.pepperfry.com/search?q=D-Link+2MP+Full+HD+Pan+&+Tilt+Smart+Home+Security+Camera,2026-09-13
TP-Link Tapo C200 360-degree 2MP Wi-Fi Security Camera,Home,Amazon,1999.35,2399.0,16.7,4.8,In Stock,https://www.amazon.in/search?q=TP-Link+Tapo+C200+360-degree+2MP+Wi-Fi+Security+Camera,2026-09-25
TP-Link Tapo C200 360-degree 2MP Wi-Fi Security Camera,Home,Flipkart,2084.79,2399.0,13.1,4.3,In Stock,https://www.flipkart.com/search?q=TP-Link+Tapo+C200+360-degree+2MP+Wi-Fi+Security+Camera,2026-09-19
TP-Link Tapo C200 360-degree 2MP Wi-Fi Security Camera,Home,Croma,1803.57,2399.0,24.8,4.1,In Stock,https://www.croma.com/search?q=TP-Link+Tapo+C200+360-degree+2MP+Wi-Fi+Security+Camera,2026-09-14
TP-Link Tapo C200 360-degree 2MP Wi-Fi Security Camera,Home,Reliance Digital,1820.77,2399.0,24.1,4.6,In Stock,https://www.reliancedigital.in/search?q=TP-Link+Tapo+C200+360-degree+2MP+Wi-Fi+Security+Camera,2026-09-25
TP-Link Tapo C200 360-degree 2MP Wi-Fi Security Camera,Home,Pepperfry,1962.16,2399.0,18.2,4.4,In Stock,https://www.pepperfry.com/search?q=TP-Link+Tapo+C200+360-degree+2MP+Wi-Fi+Security+Camera,2026-09-21
Wipro Smart LED Bulb 9W B22 WiFi Enabled,Home,Amazon,491.0,599.0,18.0,4.1,In Stock,https://www.amazon.in/search?q=Wipro+Smart+LED+Bulb+9W+B22+WiFi+Enabled,2026-09-17
Wipro Smart LED Bulb 9W B22 WiFi Enabled,Home,Flipkart,499.81,599.0,16.6,4.1,In Stock,https://www.flipkart.com/search?q=Wipro+Smart+LED+Bulb+9W+B22+WiFi+Enabled,2026-09-21
Wipro Smart LED Bulb 9W B22 WiFi Enabled,Home,Croma,550.64,599.0,8.1,3.9,In Stock,https://www.croma.com/search?q=Wipro+Smart+LED+Bulb+9W+B22+WiFi+Enabled,2026-09-16
Wipro Smart LED Bulb 9W B22 WiFi Enabled,Home,Reliance Digital,470.95,599.0,21.4,4.2,In Stock,https://www.reliancedigital.in/search?q=Wipro+Smart+LED+Bulb+9W+B22+WiFi+Enabled,2026-09-13
Wipro Smart LED Bulb 9W B22 WiFi Enabled,Home,Pepperfry,498.95,599.0,16.7,4.7,In Stock,https://www.pepperfry.com/search?q=Wipro+Smart+LED+Bulb+9W+B22+WiFi+Enabled,2026-09-20
Philips Smart Wi-Fi HexaStyle Downlight LED 10W,Home,Amazon,741.58,999.0,25.8,4.5,In Stock,https://www.amazon.in/search?q=Philips+Smart+Wi-Fi+HexaStyle+Downlight+LED+10W,2026-09-12
Philips Smart Wi-Fi HexaStyle Downlight LED 10W,Home,Flipkart,770.71,999.0,22.9,4.6,In Stock,https://www.flipkart.com/search?q=Philips+Smart+Wi-Fi+HexaStyle+Downlight+LED+10W,2026-09-18
Philips Smart Wi-Fi HexaStyle Downlight LED 10W,Home,Croma,894.35,999.0,10.5,4.4,In Stock,https://www.croma.com/search?q=Philips+Smart+Wi-Fi+HexaStyle+Downlight+LED+10W,2026-09-25
Philips Smart Wi-Fi HexaStyle Downlight LED 10W,Home,Reliance Digital,771.02,999.0,22.8,3.9,In Stock,https://www.reliancedigital.in/search?q=Philips+Smart+Wi-Fi+HexaStyle+Downlight+LED+10W,2026-09-19
Philips Smart Wi-Fi HexaStyle Downlight LED 10W,Home,Pepperfry,845.09,999.0,15.4,4.8,Limited Stock,https://www.pepperfry.com/search?q=Philips+Smart+Wi-Fi+HexaStyle+Downlight+LED+10W,2026-09-22
Spaces 100% Cotton 400 TC Super King Bedsheet Set,Home,Amazon,2886.28,3499.0,17.5,4.3,In Stock,https://www.amazon.in/search?q=Spaces+100%+Cotton+400+TC+Super+King+Bedsheet+Set,2026-09-12
Spaces 100% Cotton 400 TC Super King Bedsheet Set,Home,Flipkart,3203.35,3499.0,8.4,4.7,In Stock,https://www.flipkart.com/search?q=Spaces+100%+Cotton+400+TC+Super+King+Bedsheet+Set,2026-09-20
Spaces 100% Cotton 400 TC Super King Bedsheet Set,Home,Croma,2730.4,3499.0,22.0,3.8,Limited Stock,https://www.croma.com/search?q=Spaces+100%+Cotton+400+TC+Super+King+Bedsheet+Set,2026-09-15
Spaces 100% Cotton 400 TC Super King Bedsheet Set,Home,Reliance Digital,2688.84,3499.0,23.2,4.5,In Stock,https://www.reliancedigital.in/search?q=Spaces+100%+Cotton+400+TC+Super+King+Bedsheet+Set,2026-09-21
Spaces 100% Cotton 400 TC Super King Bedsheet Set,Home,Pepperfry,3131.02,3499.0,10.5,3.9,In Stock,https://www.pepperfry.com/search?q=Spaces+100%+Cotton+400+TC+Super+King+Bedsheet+Set,2026-09-19
Story@Home Blackout Window Curtains 7 Feet (Set of 2),Home,Amazon,1074.13,1299.0,17.3,4.1,In Stock,https://www.amazon.in/search?q=Story@Home+Blackout+Window+Curtains+7+Feet+(Set+of+2),2026-09-13
Story@Home Blackout Window Curtains 7 Feet (Set of 2),Home,Flipkart,1192.19,1299.0,8.2,4.6,In Stock,https://www.flipkart.com/search?q=Story@Home+Blackout+Window+Curtains+7+Feet+(Set+of+2),2026-09-17
Story@Home Blackout Window Curtains 7 Feet (Set of 2),Home,Croma,1247.04,1299.0,4.0,3.9,In Stock,https://www.croma.com/search?q=Story@Home+Blackout+Window+Curtains+7+Feet+(Set+of+2),2026-09-17
Story@Home Blackout Window Curtains 7 Feet (Set of 2),Home,Reliance Digital,1117.94,1299.0,13.9,4.0,In Stock,https://www.reliancedigital.in/search?q=Story@Home+Blackout+Window+Curtains+7+Feet+(Set+of+2),2026-09-22
Story@Home Blackout Window Curtains 7 Feet (Set of 2),Home,Pepperfry,1090.4,1299.0,16.1,3.9,In Stock,https://www.pepperfry.com/search?q=Story@Home+Blackout+Window+Curtains+7+Feet+(Set+of+2),2026-09-11
Atomic Habits by James Clear,Books,Amazon,451.12,599.0,24.7,4.5,In Stock,https://www.amazon.in/search?q=Atomic+Habits+by+James+Clear,2026-09-24
Atomic Habits by James Clear,Books,Flipkart,520.98,599.0,13.0,4.2,In Stock,https://www.flipkart.com/search?q=Atomic+Habits+by+James+Clear,2026-09-15
Atomic Habits by James Clear,Books,Bookswagon,481.15,599.0,19.7,4.8,In Stock,https://www.bookswagon.com/search?q=Atomic+Habits+by+James+Clear,2026-09-21
Atomic Habits by James Clear,Books,Crossword,490.09,599.0,18.2,3.9,In Stock,https://www.crossword.in/search?q=Atomic+Habits+by+James+Clear,2026-09-21
Atomic Habits by James Clear,Books,SapnaOnline,490.03,599.0,18.2,4.5,In Stock,https://www.sapnaonline.com/search?q=Atomic+Habits+by+James+Clear,2026-09-21
The Psychology of Money by Morgan Housel,Books,Amazon,432.0,450.0,4.0,4.7,In Stock,https://www.amazon.in/search?q=The+Psychology+of+Money+by+Morgan+Housel,2026-09-20
The Psychology of Money by Morgan Housel,Books,Flipkart,402.1,450.0,10.6,4.7,In Stock,https://www.flipkart.com/search?q=The+Psychology+of+Money+by+Morgan+Housel,2026-09-24
The Psychology of Money by Morgan Housel,Books,Bookswagon,366.61,450.0,18.5,4.5,In Stock,https://www.bookswagon.com/search?q=The+Psychology+of+Money+by+Morgan+Housel,2026-09-18
The Psychology of Money by Morgan Housel,Books,Crossword,383.15,450.0,14.9,4.3,In Stock,https://www.crossword.in/search?q=The+Psychology+of+Money+by+Morgan+Housel,2026-09-24
The Psychology of Money by Morgan Housel,Books,SapnaOnline,362.83,450.0,19.4,3.9,In Stock,https://www.sapnaonline.com/search?q=The+Psychology+of+Money+by+Morgan+Housel,2026-09-16
Sapiens: A Brief History of Humankind by Yuval Noah Harari,Books,Amazon,554.43,699.0,20.7,3.8,In Stock,https://www.amazon.in/search?q=Sapiens:+A+Brief+History+of+Humankind+by+Yuval+Noah+Harari,2026-09-15
Sapiens: A Brief History of Humankind by Yuval Noah Harari,Books,Flipkart,542.71,699.0,22.4,4.5,In Stock,https://www.flipkart.com/search?q=Sapiens:+A+Brief+History+of+Humankind+by+Yuval+Noah+Harari,2026-09-14
Sapiens: A Brief History of Humankind by Yuval Noah Harari,Books,Bookswagon,650.24,699.0,7.0,3.8,In Stock,https://www.bookswagon.com/search?q=Sapiens:+A+Brief+History+of+Humankind+by+Yuval+Noah+Harari,2026-09-13
Sapiens: A Brief History of Humankind by Yuval Noah Harari,Books,Crossword,596.42,699.0,14.7,4.7,In Stock,https://www.crossword.in/search?q=Sapiens:+A+Brief+History+of+Humankind+by+Yuval+Noah+Harari,2026-09-13
Sapiens: A Brief History of Humankind by Yuval Noah Harari,Books,SapnaOnline,661.48,699.0,5.4,4.2,In Stock,https://www.sapnaonline.com/search?q=Sapiens:+A+Brief+History+of+Humankind+by+Yuval+Noah+Harari,2026-09-13
Homo Deus: A Brief History of Tomorrow by Yuval Noah Harari,Books,Amazon,592.37,699.0,15.3,4.8,In Stock,https://www.amazon.in/search?q=Homo+Deus:+A+Brief+History+of+Tomorrow+by+Yuval+Noah+Harari,2026-09-15
Homo Deus: A Brief History of Tomorrow by Yuval Noah Harari,Books,Flipkart,671.04,699.0,4.0,4.9,In Stock,https://www.flipkart.com/search?q=Homo+Deus:+A+Brief+History+of+Tomorrow+by+Yuval+Noah+Harari,2026-09-20
Homo Deus: A Brief History of Tomorrow by Yuval Noah Harari,Books,Bookswagon,563.45,699.0,19.4,3.9,In Stock,https://www.bookswagon.com/search?q=Homo+Deus:+A+Brief+History+of+Tomorrow+by+Yuval+Noah+Harari,2026-09-13
Homo Deus: A Brief History of Tomorrow by Yuval Noah Harari,Books,Crossword,636.0,699.0,9.0,4.4,Out of Stock,https://www.crossword.in/search?q=Homo+Deus:+A+Brief+History+of+Tomorrow+by+Yuval+Noah+Harari,2026-09-15
Homo Deus: A Brief History of Tomorrow by Yuval Noah Harari,Books,SapnaOnline,591.55,699.0,15.4,4.8,In Stock,https://www.sapnaonline.com/search?q=Homo+Deus:+A+Brief+History+of+Tomorrow+by+Yuval+Noah+Harari,2026-09-20
Rich Dad Poor Dad by Robert T. Kiyosaki,Books,Amazon,391.03,499.0,21.6,4.3,In Stock,https://www.amazon.in/search?q=Rich+Dad+Poor+Dad+by+Robert+T.+Kiyosaki,2026-09-25
Rich Dad Poor Dad by Robert T. Kiyosaki,Books,Flipkart,419.86,499.0,15.9,4.5,In Stock,https://www.flipkart.com/search?q=Rich+Dad+Poor+Dad+by+Robert+T.+Kiyosaki,2026-09-24
Rich Dad Poor Dad by Robert T. Kiyosaki,Books,Bookswagon,427.48,499.0,14.3,4.3,Out of Stock,https://www.bookswagon.com/search?q=Rich+Dad+Poor+Dad+by+Robert+T.+Kiyosaki,2026-09-13
Rich Dad Poor Dad by Robert T. Kiyosaki,Books,Crossword,370.94,499.0,25.7,3.8,In Stock,https://www.crossword.in/search?q=Rich+Dad+Poor+Dad+by+Robert+T.+Kiyosaki,2026-09-13
Rich Dad Poor Dad by Robert T. Kiyosaki,Books,SapnaOnline,438.05,499.0,12.2,4.0,In Stock,https://www.sapnaonline.com/search?q=Rich+Dad+Poor+Dad+by+Robert+T.+Kiyosaki,2026-09-17
Ikigai: The Japanese Secret to a Long and Happy Life,Books,Amazon,412.41,499.0,17.4,4.8,In Stock,https://www.amazon.in/search?q=Ikigai:+The+Japanese+Secret+to+a+Long+and+Happy+Life,2026-09-16
Ikigai: The Japanese Secret to a Long and Happy Life,Books,Flipkart,479.04,499.0,4.0,4.6,In Stock,https://www.flipkart.com/search?q=Ikigai:+The+Japanese+Secret+to+a+Long+and+Happy+Life,2026-09-25
Ikigai: The Japanese Secret to a Long and Happy Life,Books,Bookswagon,408.1,499.0,18.2,3.9,In Stock,https://www.bookswagon.com/search?q=Ikigai:+The+Japanese+Secret+to+a+Long+and+Happy+Life,2026-09-23
Ikigai: The Japanese Secret to a Long and Happy Life,Books,Crossword,418.04,499.0,16.2,4.8,In Stock,https://www.crossword.in/search?q=Ikigai:+The+Japanese+Secret+to+a+Long+and+Happy+Life,2026-09-24
Ikigai: The Japanese Secret to a Long and Happy Life,Books,SapnaOnline,468.09,499.0,6.2,4.5,In Stock,https://www.sapnaonline.com/search?q=Ikigai:+The+Japanese+Secret+to+a+Long+and+Happy+Life,2026-09-24
Deep Work by Cal Newport,Books,Amazon,429.29,499.0,14.0,4.5,In Stock,https://www.amazon.in/search?q=Deep+Work+by+Cal+Newport,2026-09-22
Deep Work by Cal Newport,Books,Flipkart,404.88,499.0,18.9,4.9,In Stock,https://www.flipkart.com/search?q=Deep+Work+by+Cal+Newport,2026-09-20
Deep Work by Cal Newport,Books,Bookswagon,440.19,499.0,11.8,4.4,In Stock,https://www.bookswagon.com/search?q=Deep+Work+by+Cal+Newport,2026-09-13
Deep Work by Cal Newport,Books,Crossword,471.67,499.0,5.5,4.0,In Stock,https://www.crossword.in/search?q=Deep+Work+by+Cal+Newport,2026-09-21
Deep Work by Cal Newport,Books,SapnaOnline,451.55,499.0,9.5,4.6,In Stock,https://www.sapnaonline.com/search?q=Deep+Work+by+Cal+Newport,2026-09-18
So Good They Can't Ignore You by Cal Newport,Books,Amazon,471.03,550.0,14.4,3.9,In Stock,https://www.amazon.in/search?q=So+Good+They+Can't+Ignore+You+by+Cal+Newport,2026-09-15
So Good They Can't Ignore You by Cal Newport,Books,Flipkart,444.87,550.0,19.1,3.8,In Stock,https://www.flipkart.com/search?q=So+Good+They+Can't+Ignore+You+by+Cal+Newport,2026-09-25
So Good They Can't Ignore You by Cal Newport,Books,Bookswagon,461.68,550.0,16.1,4.6,In Stock,https://www.bookswagon.com/search?q=So+Good+They+Can't+Ignore+You+by+Cal+Newport,2026-09-21
So Good They Can't Ignore You by Cal Newport,Books,Crossword,430.49,550.0,21.7,4.6,In Stock,https://www.crossword.in/search?q=So+Good+They+Can't+Ignore+You+by+Cal+Newport,2026-09-22
So Good They Can't Ignore You by Cal Newport,Books,SapnaOnline,513.51,550.0,6.6,4.3,In Stock,https://www.sapnaonline.com/search?q=So+Good+They+Can't+Ignore+You+by+Cal+Newport,2026-09-23
"Thinking, Fast and Slow by Daniel Kahneman",Books,Amazon,567.22,599.0,5.3,4.0,In Stock,"https://www.amazon.in/search?q=Thinking,+Fast+and+Slow+by+Daniel+Kahneman",2026-09-24
"Thinking, Fast and Slow by Daniel Kahneman",Books,Flipkart,483.47,599.0,19.3,4.2,In Stock,"https://www.flipkart.com/search?q=Thinking,+Fast+and+Slow+by+Daniel+Kahneman",2026-09-22
"Thinking, Fast and Slow by Daniel Kahneman",Books,Bookswagon,490.03,599.0,18.2,4.9,In Stock,"https://www.bookswagon.com/search?q=Thinking,+Fast+and+Slow+by+Daniel+Kahneman",2026-09-12
"Thinking, Fast and Slow by Daniel Kahneman",Books,Crossword,490.58,599.0,18.1,4.0,In Stock,"https://www.crossword.in/search?q=Thinking,+Fast+and+Slow+by+Daniel+Kahneman",2026-09-15
"Thinking, Fast and Slow by Daniel Kahneman",Books,SapnaOnline,575.04,599.0,4.0,3.9,In Stock,"https://www.sapnaonline.com/search?q=Thinking,+Fast+and+Slow+by+Daniel+Kahneman",2026-09-12
The Alchemist by Paulo Coelho,Books,Amazon,294.59,350.0,15.8,4.0,In Stock,https://www.amazon.in/search?q=The+Alchemist+by+Paulo+Coelho,2026-09-25
The Alchemist by Paulo Coelho,Books,Flipkart,321.81,350.0,8.1,4.0,In Stock,https://www.flipkart.com/search?q=The+Alchemist+by+Paulo+Coelho,2026-09-16
The Alchemist by Paulo Coelho,Books,Bookswagon,291.57,350.0,16.7,3.8,In Stock,https://www.bookswagon.com/search?q=The+Alchemist+by+Paulo+Coelho,2026-09-11
The Alchemist by Paulo Coelho,Books,Crossword,317.28,350.0,9.3,3.8,In Stock,https://www.crossword.in/search?q=The+Alchemist+by+Paulo+Coelho,2026-09-24
The Alchemist by Paulo Coelho,Books,SapnaOnline,282.09,350.0,19.4,4.5,In Stock,https://www.sapnaonline.com/search?q=The+Alchemist+by+Paulo+Coelho,2026-09-22
To Kill a Mockingbird by Harper Lee,Books,Amazon,306.42,399.0,23.2,4.1,In Stock,https://www.amazon.in/search?q=To+Kill+a+Mockingbird+by+Harper+Lee,2026-09-22
To Kill a Mockingbird by Harper Lee,Books,Flipkart,336.18,399.0,15.7,4.8,In Stock,https://www.flipkart.com/search?q=To+Kill+a+Mockingbird+by+Harper+Lee,2026-09-22
To Kill a Mockingbird by Harper Lee,Books,Bookswagon,360.82,399.0,9.6,3.9,In Stock,https://www.bookswagon.com/search?q=To+Kill+a+Mockingbird+by+Harper+Lee,2026-09-22
To Kill a Mockingbird by Harper Lee,Books,Crossword,330.22,399.0,17.2,4.2,In Stock,https://www.crossword.in/search?q=To+Kill+a+Mockingbird+by+Harper+Lee,2026-09-14
To Kill a Mockingbird by Harper Lee,Books,SapnaOnline,364.52,399.0,8.6,4.1,In Stock,https://www.sapnaonline.com/search?q=To+Kill+a+Mockingbird+by+Harper+Lee,2026-09-25
1984 by George Orwell,Books,Amazon,280.6,299.0,6.2,4.0,In Stock,https://www.amazon.in/search?q=1984+by+George+Orwell,2026-09-18
1984 by George Orwell,Books,Flipkart,245.78,299.0,17.8,4.0,In Stock,https://www.flipkart.com/search?q=1984+by+George+Orwell,2026-09-23
1984 by George Orwell,Books,Bookswagon,256.52,299.0,14.2,4.5,In Stock,https://www.bookswagon.com/search?q=1984+by+George+Orwell,2026-09-17
1984 by George Orwell,Books,Crossword,270.58,299.0,9.5,4.7,In Stock,https://www.crossword.in/search?q=1984+by+George+Orwell,2026-09-22
1984 by George Orwell,Books,SapnaOnline,238.61,299.0,20.2,4.1,In Stock,https://www.sapnaonline.com/search?q=1984+by+George+Orwell,2026-09-14
Animal Farm by George Orwell,Books,Amazon,177.47,199.0,10.8,4.3,In Stock,https://www.amazon.in/search?q=Animal+Farm+by+George+Orwell,2026-09-11
Animal Farm by George Orwell,Books,Flipkart,186.19,199.0,6.4,4.4,In Stock,https://www.flipkart.com/search?q=Animal+Farm+by+George+Orwell,2026-09-25
Animal Farm by George Orwell,Books,Bookswagon,184.84,199.0,7.1,4.6,In Stock,https://www.bookswagon.com/search?q=Animal+Farm+by+George+Orwell,2026-09-17
Animal Farm by George Orwell,Books,Crossword,155.88,199.0,21.7,4.6,In Stock,https://www.crossword.in/search?q=Animal+Farm+by+George+Orwell,2026-09-18
Animal Farm by George Orwell,Books,SapnaOnline,173.38,199.0,12.9,3.8,In Stock,https://www.sapnaonline.com/search?q=Animal+Farm+by+George+Orwell,2026-09-22
The Midnight Library by Matt Haig,Books,Amazon,458.68,499.0,8.1,4.5,In Stock,https://www.amazon.in/search?q=The+Midnight+Library+by+Matt+Haig,2026-09-18
The Midnight Library by Matt Haig,Books,Flipkart,463.66,499.0,7.1,4.3,In Stock,https://www.flipkart.com/search?q=The+Midnight+Library+by+Matt+Haig,2026-09-16
The Midnight Library by Matt Haig,Books,Bookswagon,465.47,499.0,6.7,4.6,In Stock,https://www.bookswagon.com/search?q=The+Midnight+Library+by+Matt+Haig,2026-09-19
The Midnight Library by Matt Haig,Books,Crossword,389.94,499.0,21.9,4.5,In Stock,https://www.crossword.in/search?q=The+Midnight+Library+by+Matt+Haig,2026-09-25
The Midnight Library by Matt Haig,Books,SapnaOnline,467.98,499.0,6.2,4.8,In Stock,https://www.sapnaonline.com/search?q=The+Midnight+Library+by+Matt+Haig,2026-09-25
Project Hail Mary by Andy Weir,Books,Amazon,490.94,599.0,18.0,4.6,In Stock,https://www.amazon.in/search?q=Project+Hail+Mary+by+Andy+Weir,2026-09-16
Project Hail Mary by Andy Weir,Books,Flipkart,477.84,599.0,20.2,3.9,Limited Stock,https://www.flipkart.com/search?q=Project+Hail+Mary+by+Andy+Weir,2026-09-14
Project Hail Mary by Andy Weir,Books,Bookswagon,524.39,599.0,12.5,4.8,In Stock,https://www.bookswagon.com/search?q=Project+Hail+Mary+by+Andy+Weir,2026-09-25
Project Hail Mary by Andy Weir,Books,Crossword,530.91,599.0,11.4,4.5,In Stock,https://www.crossword.in/search?q=Project+Hail+Mary+by+Andy+Weir,2026-09-23
Project Hail Mary by Andy Weir,Books,SapnaOnline,492.15,599.0,17.8,4.4,In Stock,https://www.sapnaonline.com/search?q=Project+Hail+Mary+by+Andy+Weir,2026-09-23
The Martian by Andy Weir,Books,Amazon,443.22,499.0,11.2,3.9,In Stock,https://www.amazon.in/search?q=The+Martian+by+Andy+Weir,2026-09-13
The Martian by Andy Weir,Books,Flipkart,386.31,499.0,22.6,4.0,In Stock,https://www.flipkart.com/search?q=The+Martian+by+Andy+Weir,2026-09-22
The Martian by Andy Weir,Books,Bookswagon,413.87,499.0,17.1,4.4,In Stock,https://www.bookswagon.com/search?q=The+Martian+by+Andy+Weir,2026-09-25
The Martian by Andy Weir,Books,Crossword,445.5,499.0,10.7,4.3,In Stock,https://www.crossword.in/search?q=The+Martian+by+Andy+Weir,2026-09-24
The Martian by Andy Weir,Books,SapnaOnline,431.69,499.0,13.5,4.7,Limited Stock,https://www.sapnaonline.com/search?q=The+Martian+by+Andy+Weir,2026-09-18
Can't Hurt Me: Master Your Mind by David Goggins,Books,Amazon,554.99,699.0,20.6,4.8,In Stock,https://www.amazon.in/search?q=Can't+Hurt+Me:+Master+Your+Mind+by+David+Goggins,2026-09-11
Can't Hurt Me: Master Your Mind by David Goggins,Books,Flipkart,568.52,699.0,18.7,4.3,In Stock,https://www.flipkart.com/search?q=Can't+Hurt+Me:+Master+Your+Mind+by+David+Goggins,2026-09-11
Can't Hurt Me: Master Your Mind by David Goggins,Books,Bookswagon,576.26,699.0,17.6,3.9,In Stock,https://www.bookswagon.com/search?q=Can't+Hurt+Me:+Master+Your+Mind+by+David+Goggins,2026-09-24
Can't Hurt Me: Master Your Mind by David Goggins,Books,Crossword,580.79,699.0,16.9,4.8,In Stock,https://www.crossword.in/search?q=Can't+Hurt+Me:+Master+Your+Mind+by+David+Goggins,2026-09-15
Can't Hurt Me: Master Your Mind by David Goggins,Books,SapnaOnline,636.48,699.0,8.9,4.6,Limited Stock,https://www.sapnaonline.com/search?q=Can't+Hurt+Me:+Master+Your+Mind+by+David+Goggins,2026-09-18
Never Finished by David Goggins,Books,Amazon,614.35,699.0,12.1,4.5,In Stock,https://www.amazon.in/search?q=Never+Finished+by+David+Goggins,2026-09-24
Never Finished by David Goggins,Books,Flipkart,582.62,699.0,16.6,4.7,In Stock,https://www.flipkart.com/search?q=Never+Finished+by+David+Goggins,2026-09-20
Never Finished by David Goggins,Books,Bookswagon,654.16,699.0,6.4,4.5,In Stock,https://www.bookswagon.com/search?q=Never+Finished+by+David+Goggins,2026-09-16
Never Finished by David Goggins,Books,Crossword,577.15,699.0,17.4,4.4,In Stock,https://www.crossword.in/search?q=Never+Finished+by+David+Goggins,2026-09-16
Never Finished by David Goggins,Books,SapnaOnline,580.54,699.0,16.9,4.0,In Stock,https://www.sapnaonline.com/search?q=Never+Finished+by+David+Goggins,2026-09-18
Good to Great by Jim Collins,Books,Amazon,590.7,650.0,9.1,4.7,In Stock,https://www.amazon.in/search?q=Good+to+Great+by+Jim+Collins,2026-09-21
Good to Great by Jim Collins,Books,Flipkart,610.31,650.0,6.1,4.8,In Stock,https://www.flipkart.com/search?q=Good+to+Great+by+Jim+Collins,2026-09-21
Good to Great by Jim Collins,Books,Bookswagon,624.0,650.0,4.0,4.6,Limited Stock,https://www.bookswagon.com/search?q=Good+to+Great+by+Jim+Collins,2026-09-13
Good to Great by Jim Collins,Books,Crossword,591.33,650.0,9.0,3.8,In Stock,https://www.crossword.in/search?q=Good+to+Great+by+Jim+Collins,2026-09-23
Good to Great by Jim Collins,Books,SapnaOnline,584.36,650.0,10.1,4.0,In Stock,https://www.sapnaonline.com/search?q=Good+to+Great+by+Jim+Collins,2026-09-15
Start With Why by Simon Sinek,Books,Amazon,495.21,550.0,10.0,4.2,In Stock,https://www.amazon.in/search?q=Start+With+Why+by+Simon+Sinek,2026-09-23
Start With Why by Simon Sinek,Books,Flipkart,519.21,550.0,5.6,3.8,Limited Stock,https://www.flipkart.com/search?q=Start+With+Why+by+Simon+Sinek,2026-09-13
Start With Why by Simon Sinek,Books,Bookswagon,509.37,550.0,7.4,4.2,In Stock,https://www.bookswagon.com/search?q=Start+With+Why+by+Simon+Sinek,2026-09-14
Start With Why by Simon Sinek,Books,Crossword,459.92,550.0,16.4,4.5,In Stock,https://www.crossword.in/search?q=Start+With+Why+by+Simon+Sinek,2026-09-11
Start With Why by Simon Sinek,Books,SapnaOnline,435.44,550.0,20.8,4.9,In Stock,https://www.sapnaonline.com/search?q=Start+With+Why+by+Simon+Sinek,2026-09-23
Leaders Eat Last by Simon Sinek,Books,Amazon,478.79,599.0,20.1,4.8,In Stock,https://www.amazon.in/search?q=Leaders+Eat+Last+by+Simon+Sinek,2026-09-24
Leaders Eat Last by Simon Sinek,Books,Flipkart,466.25,599.0,22.2,4.0,In Stock,https://www.flipkart.com/search?q=Leaders+Eat+Last+by+Simon+Sinek,2026-09-21
Leaders Eat Last by Simon Sinek,Books,Bookswagon,539.25,599.0,10.0,4.0,In Stock,https://www.bookswagon.com/search?q=Leaders+Eat+Last+by+Simon+Sinek,2026-09-20
Leaders Eat Last by Simon Sinek,Books,Crossword,499.56,599.0,16.6,4.4,In Stock,https://www.crossword.in/search?q=Leaders+Eat+Last+by+Simon+Sinek,2026-09-11
Leaders Eat Last by Simon Sinek,Books,SapnaOnline,549.58,599.0,8.3,3.9,In Stock,https://www.sapnaonline.com/search?q=Leaders+Eat+Last+by+Simon+Sinek,2026-09-15
The Subtle Art of Not Giving a F*ck by Mark Manson,Books,Amazon,466.04,499.0,6.6,4.4,In Stock,https://www.amazon.in/search?q=The+Subtle+Art+of+Not+Giving+a+F*ck+by+Mark+Manson,2026-09-20
The Subtle Art of Not Giving a F*ck by Mark Manson,Books,Flipkart,430.4,499.0,13.7,3.9,In Stock,https://www.flipkart.com/search?q=The+Subtle+Art+of+Not+Giving+a+F*ck+by+Mark+Manson,2026-09-19
The Subtle Art of Not Giving a F*ck by Mark Manson,Books,Bookswagon,422.57,499.0,15.3,4.2,In Stock,https://www.bookswagon.com/search?q=The+Subtle+Art+of+Not+Giving+a+F*ck+by+Mark+Manson,2026-09-21
The Subtle Art of Not Giving a F*ck by Mark Manson,Books,Crossword,442.18,499.0,11.4,4.3,In Stock,https://www.crossword.in/search?q=The+Subtle+Art+of+Not+Giving+a+F*ck+by+Mark+Manson,2026-09-22
The Subtle Art of Not Giving a F*ck by Mark Manson,Books,SapnaOnline,434.01,499.0,13.0,4.9,In Stock,https://www.sapnaonline.com/search?q=The+Subtle+Art+of+Not+Giving+a+F*ck+by+Mark+Manson,2026-09-21
Everything Is F*cked by Mark Manson,Books,Amazon,414.77,499.0,16.9,4.8,In Stock,https://www.amazon.in/search?q=Everything+Is+F*cked+by+Mark+Manson,2026-09-19
Everything Is F*cked by Mark Manson,Books,Flipkart,434.42,499.0,12.9,3.9,In Stock,https://www.flipkart.com/search?q=Everything+Is+F*cked+by+Mark+Manson,2026-09-18
Everything Is F*cked by Mark Manson,Books,Bookswagon,434.39,499.0,12.9,4.2,Limited Stock,https://www.bookswagon.com/search?q=Everything+Is+F*cked+by+Mark+Manson,2026-09-16
Everything Is F*cked by Mark Manson,Books,Crossword,453.84,499.0,9.1,4.3,Limited Stock,https://www.crossword.in/search?q=Everything+Is+F*cked+by+Mark+Manson,2026-09-19
Everything Is F*cked by Mark Manson,Books,SapnaOnline,446.02,499.0,10.6,4.4,Limited Stock,https://www.sapnaonline.com/search?q=Everything+Is+F*cked+by+Mark+Manson,2026-09-22
A Man Called Ove by Fredrik Backman,Books,Amazon,404.71,450.0,10.1,4.4,In Stock,https://www.amazon.in/search?q=A+Man+Called+Ove+by+Fredrik+Backman,2026-09-12
A Man Called Ove by Fredrik Backman,Books,Flipkart,388.29,450.0,13.7,4.3,In Stock,https://www.flipkart.com/search?q=A+Man+Called+Ove+by+Fredrik+Backman,2026-09-22
A Man Called Ove by Fredrik Backman,Books,Bookswagon,432.0,450.0,4.0,4.1,Out of Stock,https://www.bookswagon.com/search?q=A+Man+Called+Ove+by+Fredrik+Backman,2026-09-12
A Man Called Ove by Fredrik Backman,Books,Crossword,408.75,450.0,9.2,4.5,In Stock,https://www.crossword.in/search?q=A+Man+Called+Ove+by+Fredrik+Backman,2026-09-23
A Man Called Ove by Fredrik Backman,Books,SapnaOnline,374.78,450.0,16.7,4.1,In Stock,https://www.sapnaonline.com/search?q=A+Man+Called+Ove+by+Fredrik+Backman,2026-09-21
Anxious People by Fredrik Backman,Books,Amazon,382.34,499.0,23.4,4.5,In Stock,https://www.amazon.in/search?q=Anxious+People+by+Fredrik+Backman,2026-09-18
Anxious People by Fredrik Backman,Books,Flipkart,395.73,499.0,20.7,4.5,In Stock,https://www.flipkart.com/search?q=Anxious+People+by+Fredrik+Backman,2026-09-14
Anxious People by Fredrik Backman,Books,Bookswagon,453.81,499.0,9.1,4.6,In Stock,https://www.bookswagon.com/search?q=Anxious+People+by+Fredrik+Backman,2026-09-21
Anxious People by Fredrik Backman,Books,Crossword,471.63,499.0,5.5,4.2,In Stock,https://www.crossword.in/search?q=Anxious+People+by+Fredrik+Backman,2026-09-23
Anxious People by Fredrik Backman,Books,SapnaOnline,479.04,499.0,4.0,4.2,In Stock,https://www.sapnaonline.com/search?q=Anxious+People+by+Fredrik+Backman,2026-09-20
Shoe Dog: A Memoir by the Creator of Nike by Phil Knight,Books,Amazon,553.61,599.0,7.6,4.5,In Stock,https://www.amazon.in/search?q=Shoe+Dog:+A+Memoir+by+the+Creator+of+Nike+by+Phil+Knight,2026-09-22
Shoe Dog: A Memoir by the Creator of Nike by Phil Knight,Books,Flipkart,551.1,599.0,8.0,3.9,In Stock,https://www.flipkart.com/search?q=Shoe+Dog:+A+Memoir+by+the+Creator+of+Nike+by+Phil+Knight,2026-09-17
Shoe Dog: A Memoir by the Creator of Nike by Phil Knight,Books,Bookswagon,566.43,599.0,5.4,4.7,In Stock,https://www.bookswagon.com/search?q=Shoe+Dog:+A+Memoir+by+the+Creator+of+Nike+by+Phil+Knight,2026-09-21
Shoe Dog: A Memoir by the Creator of Nike by Phil Knight,Books,Crossword,475.04,599.0,20.7,3.9,In Stock,https://www.crossword.in/search?q=Shoe+Dog:+A+Memoir+by+the+Creator+of+Nike+by+Phil+Knight,2026-09-12
Shoe Dog: A Memoir by the Creator of Nike by Phil Knight,Books,SapnaOnline,575.04,599.0,4.0,4.1,In Stock,https://www.sapnaonline.com/search?q=Shoe+Dog:+A+Memoir+by+the+Creator+of+Nike+by+Phil+Knight,2026-09-19
Rework by Jason Fried and David Heinemeier Hansson,Books,Amazon,432.2,550.0,21.4,3.9,In Stock,https://www.amazon.in/search?q=Rework+by+Jason+Fried+and+David+Heinemeier+Hansson,2026-09-22
Rework by Jason Fried and David Heinemeier Hansson,Books,Flipkart,436.92,550.0,20.6,4.4,In Stock,https://www.flipkart.com/search?q=Rework+by+Jason+Fried+and+David+Heinemeier+Hansson,2026-09-17
Rework by Jason Fried and David Heinemeier Hansson,Books,Bookswagon,462.1,550.0,16.0,4.6,In Stock,https://www.bookswagon.com/search?q=Rework+by+Jason+Fried+and+David+Heinemeier+Hansson,2026-09-19
Rework by Jason Fried and David Heinemeier Hansson,Books,Crossword,509.68,550.0,7.3,4.7,Limited Stock,https://www.crossword.in/search?q=Rework+by+Jason+Fried+and+David+Heinemeier+Hansson,2026-09-18
Rework by Jason Fried and David Heinemeier Hansson,Books,SapnaOnline,461.66,550.0,16.1,4.0,In Stock,https://www.sapnaonline.com/search?q=Rework+by+Jason+Fried+and+David+Heinemeier+Hansson,2026-09-16
Zero to One by Peter Thiel,Books,Amazon,381.65,499.0,23.5,4.0,In Stock,https://www.amazon.in/search?q=Zero+to+One+by+Peter+Thiel,2026-09-14
Zero to One by Peter Thiel,Books,Flipkart,453.99,499.0,9.0,4.7,In Stock,https://www.flipkart.com/search?q=Zero+to+One+by+Peter+Thiel,2026-09-22
Zero to One by Peter Thiel,Books,Bookswagon,479.04,499.0,4.0,4.9,In Stock,https://www.bookswagon.com/search?q=Zero+to+One+by+Peter+Thiel,2026-09-13
Zero to One by Peter Thiel,Books,Crossword,454.22,499.0,9.0,4.7,In Stock,https://www.crossword.in/search?q=Zero+to+One+by+Peter+Thiel,2026-09-25
Zero to One by Peter Thiel,Books,SapnaOnline,479.04,499.0,4.0,4.5,In Stock,https://www.sapnaonline.com/search?q=Zero+to+One+by+Peter+Thiel,2026-09-18
The Power of Your Subconscious Mind by Joseph Murphy,Books,Amazon,232.11,250.0,7.2,3.9,In Stock,https://www.amazon.in/search?q=The+Power+of+Your+Subconscious+Mind+by+Joseph+Murphy,2026-09-13
The Power of Your Subconscious Mind by Joseph Murphy,Books,Flipkart,240.0,250.0,4.0,4.5,In Stock,https://www.flipkart.com/search?q=The+Power+of+Your+Subconscious+Mind+by+Joseph+Murphy,2026-09-22
The Power of Your Subconscious Mind by Joseph Murphy,Books,Bookswagon,236.36,250.0,5.5,3.9,In Stock,https://www.bookswagon.com/search?q=The+Power+of+Your+Subconscious+Mind+by+Joseph+Murphy,2026-09-21
The Power of Your Subconscious Mind by Joseph Murphy,Books,Crossword,212.0,250.0,15.2,4.0,In Stock,https://www.crossword.in/search?q=The+Power+of+Your+Subconscious+Mind+by+Joseph+Murphy,2026-09-14
The Power of Your Subconscious Mind by Joseph Murphy,Books,SapnaOnline,215.84,250.0,13.7,3.9,In Stock,https://www.sapnaonline.com/search?q=The+Power+of+Your+Subconscious+Mind+by+Joseph+Murphy,2026-09-13
Man's Search for Meaning by Viktor E. Frankl,Books,Amazon,329.32,350.0,5.9,4.0,In Stock,https://www.amazon.in/search?q=Man's+Search+for+Meaning+by+Viktor+E.+Frankl,2026-09-11
Man's Search for Meaning by Viktor E. Frankl,Books,Flipkart,334.75,350.0,4.4,4.6,Limited Stock,https://www.flipkart.com/search?q=Man's+Search+for+Meaning+by+Viktor+E.+Frankl,2026-09-11
Man's Search for Meaning by Viktor E. Frankl,Books,Bookswagon,300.38,350.0,14.2,4.2,In Stock,https://www.bookswagon.com/search?q=Man's+Search+for+Meaning+by+Viktor+E.+Frankl,2026-09-18
Man's Search for Meaning by Viktor E. Frankl,Books,Crossword,318.45,350.0,9.0,4.7,Out of Stock,https://www.crossword.in/search?q=Man's+Search+for+Meaning+by+Viktor+E.+Frankl,2026-09-19
Man's Search for Meaning by Viktor E. Frankl,Books,SapnaOnline,328.57,350.0,6.1,3.9,Out of Stock,https://www.sapnaonline.com/search?q=Man's+Search+for+Meaning+by+Viktor+E.+Frankl,2026-09-24
The 7 Habits of Highly Effective People by Stephen R. Covey,Books,Amazon,513.8,599.0,14.2,4.3,In Stock,https://www.amazon.in/search?q=The+7+Habits+of+Highly+Effective+People+by+Stephen+R.+Covey,2026-09-21
The 7 Habits of Highly Effective People by Stephen R. Covey,Books,Flipkart,574.45,599.0,4.1,4.2,In Stock,https://www.flipkart.com/search?q=The+7+Habits+of+Highly+Effective+People+by+Stephen+R.+Covey,2026-09-21
The 7 Habits of Highly Effective People by Stephen R. Covey,Books,Bookswagon,512.1,599.0,14.5,4.6,In Stock,https://www.bookswagon.com/search?q=The+7+Habits+of+Highly+Effective+People+by+Stephen+R.+Covey,2026-09-22
The 7 Habits of Highly Effective People by Stephen R. Covey,Books,Crossword,526.63,599.0,12.1,4.7,In Stock,https://www.crossword.in/search?q=The+7+Habits+of+Highly+Effective+People+by+Stephen+R.+Covey,2026-09-24
The 7 Habits of Highly Effective People by Stephen R. Covey,Books,SapnaOnline,473.08,599.0,21.0,4.8,In Stock,https://www.sapnaonline.com/search?q=The+7+Habits+of+Highly+Effective+People+by+Stephen+R.+Covey,2026-09-25
Think and Grow Rich by Napoleon Hill,Books,Amazon,209.18,250.0,16.3,3.9,In Stock,https://www.amazon.in/search?q=Think+and+Grow+Rich+by+Napoleon+Hill,2026-09-15
Think and Grow Rich by Napoleon Hill,Books,Flipkart,234.33,250.0,6.3,4.2,In Stock,https://www.flipkart.com/search?q=Think+and+Grow+Rich+by+Napoleon+Hill,2026-09-24
Think and Grow Rich by Napoleon Hill,Books,Bookswagon,202.36,250.0,19.1,4.0,In Stock,https://www.bookswagon.com/search?q=Think+and+Grow+Rich+by+Napoleon+Hill,2026-09-22
Think and Grow Rich by Napoleon Hill,Books,Crossword,207.27,250.0,17.1,4.9,In Stock,https://www.crossword.in/search?q=Think+and+Grow+Rich+by+Napoleon+Hill,2026-09-12
Think and Grow Rich by Napoleon Hill,Books,SapnaOnline,218.49,250.0,12.6,4.6,In Stock,https://www.sapnaonline.com/search?q=Think+and+Grow+Rich+by+Napoleon+Hill,2026-09-16
The Courage to Be Disliked by Ichiro Kishimi,Books,Amazon,405.91,499.0,18.7,4.5,In Stock,https://www.amazon.in/search?q=The+Courage+to+Be+Disliked+by+Ichiro+Kishimi,2026-09-18
The Courage to Be Disliked by Ichiro Kishimi,Books,Flipkart,385.05,499.0,22.8,4.9,In Stock,https://www.flipkart.com/search?q=The+Courage+to+Be+Disliked+by+Ichiro+Kishimi,2026-09-23
The Courage to Be Disliked by Ichiro Kishimi,Books,Bookswagon,479.04,499.0,4.0,4.1,In Stock,https://www.bookswagon.com/search?q=The+Courage+to+Be+Disliked+by+Ichiro+Kishimi,2026-09-15
The Courage to Be Disliked by Ichiro Kishimi,Books,Crossword,455.06,499.0,8.8,4.6,In Stock,https://www.crossword.in/search?q=The+Courage+to+Be+Disliked+by+Ichiro+Kishimi,2026-09-18
The Courage to Be Disliked by Ichiro Kishimi,Books,SapnaOnline,382.57,499.0,23.3,4.2,In Stock,https://www.sapnaonline.com/search?q=The+Courage+to+Be+Disliked+by+Ichiro+Kishimi,2026-09-23
Factfulness by Hans Rosling,Books,Amazon,421.76,499.0,15.5,4.6,In Stock,https://www.amazon.in/search?q=Factfulness+by+Hans+Rosling,2026-09-17
Factfulness by Hans Rosling,Books,Flipkart,398.24,499.0,20.2,4.0,In Stock,https://www.flipkart.com/search?q=Factfulness+by+Hans+Rosling,2026-09-18
Factfulness by Hans Rosling,Books,Bookswagon,444.75,499.0,10.9,4.7,In Stock,https://www.bookswagon.com/search?q=Factfulness+by+Hans+Rosling,2026-09-25
Factfulness by Hans Rosling,Books,Crossword,454.61,499.0,8.9,4.3,Limited Stock,https://www.crossword.in/search?q=Factfulness+by+Hans+Rosling,2026-09-19
Factfulness by Hans Rosling,Books,SapnaOnline,400.16,499.0,19.8,4.3,In Stock,https://www.sapnaonline.com/search?q=Factfulness+by+Hans+Rosling,2026-09-23
Quiet: The Power of Introverts by Susan Cain,Books,Amazon,431.8,550.0,21.5,4.1,In Stock,https://www.amazon.in/search?q=Quiet:+The+Power+of+Introverts+by+Susan+Cain,2026-09-18
Quiet: The Power of Introverts by Susan Cain,Books,Flipkart,501.04,550.0,8.9,4.2,In Stock,https://www.flipkart.com/search?q=Quiet:+The+Power+of+Introverts+by+Susan+Cain,2026-09-16
Quiet: The Power of Introverts by Susan Cain,Books,Bookswagon,472.58,550.0,14.1,4.6,In Stock,https://www.bookswagon.com/search?q=Quiet:+The+Power+of+Introverts+by+Susan+Cain,2026-09-18
Quiet: The Power of Introverts by Susan Cain,Books,Crossword,498.09,550.0,9.4,3.9,In Stock,https://www.crossword.in/search?q=Quiet:+The+Power+of+Introverts+by+Susan+Cain,2026-09-16
Quiet: The Power of Introverts by Susan Cain,Books,SapnaOnline,452.69,550.0,17.7,4.2,Out of Stock,https://www.sapnaonline.com/search?q=Quiet:+The+Power+of+Introverts+by+Susan+Cain,2026-09-20
Outliers: The Story of Success by Malcolm Gladwell,Books,Amazon,431.05,499.0,13.6,3.9,In Stock,https://www.amazon.in/search?q=Outliers:+The+Story+of+Success+by+Malcolm+Gladwell,2026-09-13
Outliers: The Story of Success by Malcolm Gladwell,Books,Flipkart,475.31,499.0,4.7,4.8,In Stock,https://www.flipkart.com/search?q=Outliers:+The+Story+of+Success+by+Malcolm+Gladwell,2026-09-24
Outliers: The Story of Success by Malcolm Gladwell,Books,Bookswagon,401.8,499.0,19.5,4.3,In Stock,https://www.bookswagon.com/search?q=Outliers:+The+Story+of+Success+by+Malcolm+Gladwell,2026-09-22
Outliers: The Story of Success by Malcolm Gladwell,Books,Crossword,410.68,499.0,17.7,4.5,Limited Stock,https://www.crossword.in/search?q=Outliers:+The+Story+of+Success+by+Malcolm+Gladwell,2026-09-24
Outliers: The Story of Success by Malcolm Gladwell,Books,SapnaOnline,463.4,499.0,7.1,4.0,In Stock,https://www.sapnaonline.com/search?q=Outliers:+The+Story+of+Success+by+Malcolm+Gladwell,2026-09-25
Talking to Strangers by Malcolm Gladwell,Books,Amazon,434.1,550.0,21.1,4.4,Limited Stock,https://www.amazon.in/search?q=Talking+to+Strangers+by+Malcolm+Gladwell,2026-09-21
Talking to Strangers by Malcolm Gladwell,Books,Flipkart,495.02,550.0,10.0,3.8,In Stock,https://www.flipkart.com/search?q=Talking+to+Strangers+by+Malcolm+Gladwell,2026-09-16
Talking to Strangers by Malcolm Gladwell,Books,Bookswagon,490.04,550.0,10.9,4.7,In Stock,https://www.bookswagon.com/search?q=Talking+to+Strangers+by+Malcolm+Gladwell,2026-09-15
Talking to Strangers by Malcolm Gladwell,Books,Crossword,470.45,550.0,14.5,4.7,In Stock,https://www.crossword.in/search?q=Talking+to+Strangers+by+Malcolm+Gladwell,2026-09-23
Talking to Strangers by Malcolm Gladwell,Books,SapnaOnline,490.38,550.0,10.8,4.3,In Stock,https://www.sapnaonline.com/search?q=Talking+to+Strangers+by+Malcolm+Gladwell,2026-09-12
Grit: The Power of Passion and Perseverance by Angela Duckworth,Books,Amazon,506.68,550.0,7.9,4.7,In Stock,https://www.amazon.in/search?q=Grit:+The+Power+of+Passion+and+Perseverance+by+Angela+Duckworth,2026-09-21
Grit: The Power of Passion and Perseverance by Angela Duckworth,Books,Flipkart,436.36,550.0,20.7,4.2,In Stock,https://www.flipkart.com/search?q=Grit:+The+Power+of+Passion+and+Perseverance+by+Angela+Duckworth,2026-09-14
Grit: The Power of Passion and Perseverance by Angela Duckworth,Books,Bookswagon,458.46,550.0,16.6,4.4,In Stock,https://www.bookswagon.com/search?q=Grit:+The+Power+of+Passion+and+Perseverance+by+Angela+Duckworth,2026-09-21
Grit: The Power of Passion and Perseverance by Angela Duckworth,Books,Crossword,440.77,550.0,19.9,4.3,In Stock,https://www.crossword.in/search?q=Grit:+The+Power+of+Passion+and+Perseverance+by+Angela+Duckworth,2026-09-13
Grit: The Power of Passion and Perseverance by Angela Duckworth,Books,SapnaOnline,454.53,550.0,17.4,4.4,In Stock,https://www.sapnaonline.com/search?q=Grit:+The+Power+of+Passion+and+Perseverance+by+Angela+Duckworth,2026-09-15
Never Split the Difference by Chris Voss,Books,Amazon,549.87,599.0,8.2,4.2,In Stock,https://www.amazon.in/search?q=Never+Split+the+Difference+by+Chris+Voss,2026-09-18
Never Split the Difference by Chris Voss,Books,Flipkart,510.29,599.0,14.8,4.8,In Stock,https://www.flipkart.com/search?q=Never+Split+the+Difference+by+Chris+Voss,2026-09-17
Never Split the Difference by Chris Voss,Books,Bookswagon,519.03,599.0,13.4,4.0,Out of Stock,https://www.bookswagon.com/search?q=Never+Split+the+Difference+by+Chris+Voss,2026-09-14
Never Split the Difference by Chris Voss,Books,Crossword,517.84,599.0,13.5,4.5,In Stock,https://www.crossword.in/search?q=Never+Split+the+Difference+by+Chris+Voss,2026-09-12
Never Split the Difference by Chris Voss,Books,SapnaOnline,521.01,599.0,13.0,4.4,In Stock,https://www.sapnaonline.com/search?q=Never+Split+the+Difference+by+Chris+Voss,2026-09-17
Essentialism: The Disciplined Pursuit of Less by Greg McKeown,Books,Amazon,440.35,499.0,11.8,4.1,In Stock,https://www.amazon.in/search?q=Essentialism:+The+Disciplined+Pursuit+of+Less+by+Greg+McKeown,2026-09-13
Essentialism: The Disciplined Pursuit of Less by Greg McKeown,Books,Flipkart,445.56,499.0,10.7,4.2,In Stock,https://www.flipkart.com/search?q=Essentialism:+The+Disciplined+Pursuit+of+Less+by+Greg+McKeown,2026-09-24
Essentialism: The Disciplined Pursuit of Less by Greg McKeown,Books,Bookswagon,411.23,499.0,17.6,4.1,In Stock,https://www.bookswagon.com/search?q=Essentialism:+The+Disciplined+Pursuit+of+Less+by+Greg+McKeown,2026-09-23
Essentialism: The Disciplined Pursuit of Less by Greg McKeown,Books,Crossword,415.13,499.0,16.8,4.2,In Stock,https://www.crossword.in/search?q=Essentialism:+The+Disciplined+Pursuit+of+Less+by+Greg+McKeown,2026-09-22
Essentialism: The Disciplined Pursuit of Less by Greg McKeown,Books,SapnaOnline,416.27,499.0,16.6,4.1,In Stock,https://www.sapnaonline.com/search?q=Essentialism:+The+Disciplined+Pursuit+of+Less+by+Greg+McKeown,2026-09-19
Ego Is the Enemy by Ryan Holiday,Books,Amazon,352.25,450.0,21.7,4.0,In Stock,https://www.amazon.in/search?q=Ego+Is+the+Enemy+by+Ryan+Holiday,2026-09-25
Ego Is the Enemy by Ryan Holiday,Books,Flipkart,369.62,450.0,17.9,4.5,In Stock,https://www.flipkart.com/search?q=Ego+Is+the+Enemy+by+Ryan+Holiday,2026-09-12
Ego Is the Enemy by Ryan Holiday,Books,Bookswagon,395.28,450.0,12.2,4.7,In Stock,https://www.bookswagon.com/search?q=Ego+Is+the+Enemy+by+Ryan+Holiday,2026-09-11
Ego Is the Enemy by Ryan Holiday,Books,Crossword,378.22,450.0,16.0,4.8,Limited Stock,https://www.crossword.in/search?q=Ego+Is+the+Enemy+by+Ryan+Holiday,2026-09-19
Ego Is the Enemy by Ryan Holiday,Books,SapnaOnline,367.12,450.0,18.4,4.8,In Stock,https://www.sapnaonline.com/search?q=Ego+Is+the+Enemy+by+Ryan+Holiday,2026-09-12
The Obstacle Is the Way by Ryan Holiday,Books,Amazon,414.3,450.0,7.9,3.9,In Stock,https://www.amazon.in/search?q=The+Obstacle+Is+the+Way+by+Ryan+Holiday,2026-09-11
The Obstacle Is the Way by Ryan Holiday,Books,Flipkart,385.26,450.0,14.4,4.4,In Stock,https://www.flipkart.com/search?q=The+Obstacle+Is+the+Way+by+Ryan+Holiday,2026-09-17
The Obstacle Is the Way by Ryan Holiday,Books,Bookswagon,375.97,450.0,16.5,4.1,In Stock,https://www.bookswagon.com/search?q=The+Obstacle+Is+the+Way+by+Ryan+Holiday,2026-09-13
The Obstacle Is the Way by Ryan Holiday,Books,Crossword,352.29,450.0,21.7,4.6,In Stock,https://www.crossword.in/search?q=The+Obstacle+Is+the+Way+by+Ryan+Holiday,2026-09-14
The Obstacle Is the Way by Ryan Holiday,Books,SapnaOnline,404.38,450.0,10.1,4.0,In Stock,https://www.sapnaonline.com/search?q=The+Obstacle+Is+the+Way+by+Ryan+Holiday,2026-09-21
Meditations by Marcus Aurelius,Books,Amazon,272.74,299.0,8.8,4.4,In Stock,https://www.amazon.in/search?q=Meditations+by+Marcus+Aurelius,2026-09-20
Meditations by Marcus Aurelius,Books,Flipkart,280.29,299.0,6.3,4.4,In Stock,https://www.flipkart.com/search?q=Meditations+by+Marcus+Aurelius,2026-09-22
Meditations by Marcus Aurelius,Books,Bookswagon,239.48,299.0,19.9,4.8,In Stock,https://www.bookswagon.com/search?q=Meditations+by+Marcus+Aurelius,2026-09-14
Meditations by Marcus Aurelius,Books,Crossword,264.61,299.0,11.5,4.5,Limited Stock,https://www.crossword.in/search?q=Meditations+by+Marcus+Aurelius,2026-09-25
Meditations by Marcus Aurelius,Books,SapnaOnline,245.32,299.0,18.0,4.8,In Stock,https://www.sapnaonline.com/search?q=Meditations+by+Marcus+Aurelius,2026-09-13
The Daily Stoic by Ryan Holiday,Books,Amazon,539.59,599.0,9.9,4.2,In Stock,https://www.amazon.in/search?q=The+Daily+Stoic+by+Ryan+Holiday,2026-09-14
The Daily Stoic by Ryan Holiday,Books,Flipkart,487.83,599.0,18.6,3.9,In Stock,https://www.flipkart.com/search?q=The+Daily+Stoic+by+Ryan+Holiday,2026-09-12
The Daily Stoic by Ryan Holiday,Books,Bookswagon,575.04,599.0,4.0,4.9,Limited Stock,https://www.bookswagon.com/search?q=The+Daily+Stoic+by+Ryan+Holiday,2026-09-11
The Daily Stoic by Ryan Holiday,Books,Crossword,559.57,599.0,6.6,4.7,In Stock,https://www.crossword.in/search?q=The+Daily+Stoic+by+Ryan+Holiday,2026-09-22
The Daily Stoic by Ryan Holiday,Books,SapnaOnline,551.07,599.0,8.0,4.3,In Stock,https://www.sapnaonline.com/search?q=The+Daily+Stoic+by+Ryan+Holiday,2026-09-13
Steve Jobs by Walter Isaacson,Books,Amazon,691.46,799.0,13.5,3.8,In Stock,https://www.amazon.in/search?q=Steve+Jobs+by+Walter+Isaacson,2026-09-12
Steve Jobs by Walter Isaacson,Books,Flipkart,685.29,799.0,14.2,4.6,Limited Stock,https://www.flipkart.com/search?q=Steve+Jobs+by+Walter+Isaacson,2026-09-20
Steve Jobs by Walter Isaacson,Books,Bookswagon,650.21,799.0,18.6,4.7,In Stock,https://www.bookswagon.com/search?q=Steve+Jobs+by+Walter+Isaacson,2026-09-14
Steve Jobs by Walter Isaacson,Books,Crossword,750.0,799.0,6.1,4.3,In Stock,https://www.crossword.in/search?q=Steve+Jobs+by+Walter+Isaacson,2026-09-17
Steve Jobs by Walter Isaacson,Books,SapnaOnline,693.1,799.0,13.3,3.8,In Stock,https://www.sapnaonline.com/search?q=Steve+Jobs+by+Walter+Isaacson,2026-09-15
Elon Musk by Walter Isaacson,Books,Amazon,886.24,999.0,11.3,4.5,In Stock,https://www.amazon.in/search?q=Elon+Musk+by+Walter+Isaacson,2026-09-22
Elon Musk by Walter Isaacson,Books,Flipkart,899.94,999.0,9.9,3.9,In Stock,https://www.flipkart.com/search?q=Elon+Musk+by+Walter+Isaacson,2026-09-17
Elon Musk by Walter Isaacson,Books,Bookswagon,834.96,999.0,16.4,4.5,In Stock,https://www.bookswagon.com/search?q=Elon+Musk+by+Walter+Isaacson,2026-09-16
Elon Musk by Walter Isaacson,Books,Crossword,771.41,999.0,22.8,4.2,In Stock,https://www.crossword.in/search?q=Elon+Musk+by+Walter+Isaacson,2026-09-14
Elon Musk by Walter Isaacson,Books,SapnaOnline,952.68,999.0,4.6,4.5,In Stock,https://www.sapnaonline.com/search?q=Elon+Musk+by+Walter+Isaacson,2026-09-21
Leonardo da Vinci by Walter Isaacson,Books,Amazon,802.06,899.0,10.8,4.0,In Stock,https://www.amazon.in/search?q=Leonardo+da+Vinci+by+Walter+Isaacson,2026-09-12
Leonardo da Vinci by Walter Isaacson,Books,Flipkart,814.39,899.0,9.4,4.8,Limited Stock,https://www.flipkart.com/search?q=Leonardo+da+Vinci+by+Walter+Isaacson,2026-09-15
Leonardo da Vinci by Walter Isaacson,Books,Bookswagon,852.84,899.0,5.1,3.9,In Stock,https://www.bookswagon.com/search?q=Leonardo+da+Vinci+by+Walter+Isaacson,2026-09-21
Leonardo da Vinci by Walter Isaacson,Books,Crossword,805.67,899.0,10.4,4.2,In Stock,https://www.crossword.in/search?q=Leonardo+da+Vinci+by+Walter+Isaacson,2026-09-21
Leonardo da Vinci by Walter Isaacson,Books,SapnaOnline,715.54,899.0,20.4,4.0,In Stock,https://www.sapnaonline.com/search?q=Leonardo+da+Vinci+by+Walter+Isaacson,2026-09-25
Dune by Frank Herbert,Books,Amazon,516.36,599.0,13.8,4.8,In Stock,https://www.amazon.in/search?q=Dune+by+Frank+Herbert,2026-09-15
Dune by Frank Herbert,Books,Flipkart,554.31,599.0,7.5,4.0,Limited Stock,https://www.flipkart.com/search?q=Dune+by+Frank+Herbert,2026-09-12
Dune by Frank Herbert,Books,Bookswagon,556.05,599.0,7.2,4.3,In Stock,https://www.bookswagon.com/search?q=Dune+by+Frank+Herbert,2026-09-12
Dune by Frank Herbert,Books,Crossword,546.02,599.0,8.8,4.7,In Stock,https://www.crossword.in/search?q=Dune+by+Frank+Herbert,2026-09-22
Dune by Frank Herbert,Books,SapnaOnline,534.53,599.0,10.8,4.0,In Stock,https://www.sapnaonline.com/search?q=Dune+by+Frank+Herbert,2026-09-21
The Hobbit by J.R.R. Tolkien,Books,Amazon,440.63,499.0,11.7,4.1,In Stock,https://www.amazon.in/search?q=The+Hobbit+by+J.R.R.+Tolkien,2026-09-15
The Hobbit by J.R.R. Tolkien,Books,Flipkart,479.04,499.0,4.0,3.9,In Stock,https://www.flipkart.com/search?q=The+Hobbit+by+J.R.R.+Tolkien,2026-09-14
The Hobbit by J.R.R. Tolkien,Books,Bookswagon,479.04,499.0,4.0,4.2,In Stock,https://www.bookswagon.com/search?q=The+Hobbit+by+J.R.R.+Tolkien,2026-09-16
The Hobbit by J.R.R. Tolkien,Books,Crossword,465.63,499.0,6.7,3.9,In Stock,https://www.crossword.in/search?q=The+Hobbit+by+J.R.R.+Tolkien,2026-09-22
The Hobbit by J.R.R. Tolkien,Books,SapnaOnline,449.4,499.0,9.9,4.5,In Stock,https://www.sapnaonline.com/search?q=The+Hobbit+by+J.R.R.+Tolkien,2026-09-13
The Lord of the Rings 3-Book Box Set by J.R.R. Tolkien,Books,Amazon,1207.35,1499.0,19.5,3.9,In Stock,https://www.amazon.in/search?q=The+Lord+of+the+Rings+3-Book+Box+Set+by+J.R.R.+Tolkien,2026-09-16
The Lord of the Rings 3-Book Box Set by J.R.R. Tolkien,Books,Flipkart,1169.89,1499.0,22.0,4.5,In Stock,https://www.flipkart.com/search?q=The+Lord+of+the+Rings+3-Book+Box+Set+by+J.R.R.+Tolkien,2026-09-11
The Lord of the Rings 3-Book Box Set by J.R.R. Tolkien,Books,Bookswagon,1320.51,1499.0,11.9,4.1,In Stock,https://www.bookswagon.com/search?q=The+Lord+of+the+Rings+3-Book+Box+Set+by+J.R.R.+Tolkien,2026-09-11
The Lord of the Rings 3-Book Box Set by J.R.R. Tolkien,Books,Crossword,1280.78,1499.0,14.6,3.9,In Stock,https://www.crossword.in/search?q=The+Lord+of+the+Rings+3-Book+Box+Set+by+J.R.R.+Tolkien,2026-09-19
The Lord of the Rings 3-Book Box Set by J.R.R. Tolkien,Books,SapnaOnline,1439.04,1499.0,4.0,3.8,In Stock,https://www.sapnaonline.com/search?q=The+Lord+of+the+Rings+3-Book+Box+Set+by+J.R.R.+Tolkien,2026-09-12
The Da Vinci Code by Dan Brown,Books,Amazon,396.06,450.0,12.0,4.2,In Stock,https://www.amazon.in/search?q=The+Da+Vinci+Code+by+Dan+Brown,2026-09-11
The Da Vinci Code by Dan Brown,Books,Flipkart,372.86,450.0,17.1,4.6,In Stock,https://www.flipkart.com/search?q=The+Da+Vinci+Code+by+Dan+Brown,2026-09-20
The Da Vinci Code by Dan Brown,Books,Bookswagon,432.0,450.0,4.0,4.6,In Stock,https://www.bookswagon.com/search?q=The+Da+Vinci+Code+by+Dan+Brown,2026-09-23
The Da Vinci Code by Dan Brown,Books,Crossword,338.69,450.0,24.7,4.5,In Stock,https://www.crossword.in/search?q=The+Da+Vinci+Code+by+Dan+Brown,2026-09-22
The Da Vinci Code by Dan Brown,Books,SapnaOnline,423.72,450.0,5.8,3.8,In Stock,https://www.sapnaonline.com/search?q=The+Da+Vinci+Code+by+Dan+Brown,2026-09-14
Angels and Demons by Dan Brown,Books,Amazon,422.3,450.0,6.2,4.8,In Stock,https://www.amazon.in/search?q=Angels+and+Demons+by+Dan+Brown,2026-09-18
Angels and Demons by Dan Brown,Books,Flipkart,375.92,450.0,16.5,4.3,In Stock,https://www.flipkart.com/search?q=Angels+and+Demons+by+Dan+Brown,2026-09-12
Angels and Demons by Dan Brown,Books,Bookswagon,431.73,450.0,4.1,4.2,In Stock,https://www.bookswagon.com/search?q=Angels+and+Demons+by+Dan+Brown,2026-09-21
Angels and Demons by Dan Brown,Books,Crossword,415.04,450.0,7.8,4.4,In Stock,https://www.crossword.in/search?q=Angels+and+Demons+by+Dan+Brown,2026-09-11
Angels and Demons by Dan Brown,Books,SapnaOnline,413.71,450.0,8.1,4.9,In Stock,https://www.sapnaonline.com/search?q=Angels+and+Demons+by+Dan+Brown,2026-09-13
Norwegian Wood by Haruki Murakami,Books,Amazon,435.72,499.0,12.7,3.9,In Stock,https://www.amazon.in/search?q=Norwegian+Wood+by+Haruki+Murakami,2026-09-15
Norwegian Wood by Haruki Murakami,Books,Flipkart,461.35,499.0,7.5,4.1,Out of Stock,https://www.flipkart.com/search?q=Norwegian+Wood+by+Haruki+Murakami,2026-09-24
Norwegian Wood by Haruki Murakami,Books,Bookswagon,442.72,499.0,11.3,4.8,In Stock,https://www.bookswagon.com/search?q=Norwegian+Wood+by+Haruki+Murakami,2026-09-23
Norwegian Wood by Haruki Murakami,Books,Crossword,434.88,499.0,12.8,4.6,In Stock,https://www.crossword.in/search?q=Norwegian+Wood+by+Haruki+Murakami,2026-09-15
Norwegian Wood by Haruki Murakami,Books,SapnaOnline,413.37,499.0,17.2,3.8,Out of Stock,https://www.sapnaonline.com/search?q=Norwegian+Wood+by+Haruki+Murakami,2026-09-15
Kafka on the Shore by Haruki Murakami,Books,Amazon,474.79,550.0,13.7,4.8,Out of Stock,https://www.amazon.in/search?q=Kafka+on+the+Shore+by+Haruki+Murakami,2026-09-11
Kafka on the Shore by Haruki Murakami,Books,Flipkart,458.31,550.0,16.7,4.0,In Stock,https://www.flipkart.com/search?q=Kafka+on+the+Shore+by+Haruki+Murakami,2026-09-15
Kafka on the Shore by Haruki Murakami,Books,Bookswagon,468.17,550.0,14.9,4.6,In Stock,https://www.bookswagon.com/search?q=Kafka+on+the+Shore+by+Haruki+Murakami,2026-09-16
Kafka on the Shore by Haruki Murakami,Books,Crossword,476.39,550.0,13.4,4.0,Out of Stock,https://www.crossword.in/search?q=Kafka+on+the+Shore+by+Haruki+Murakami,2026-09-12
Kafka on the Shore by Haruki Murakami,Books,SapnaOnline,528.0,550.0,4.0,4.0,In Stock,https://www.sapnaonline.com/search?q=Kafka+on+the+Shore+by+Haruki+Murakami,2026-09-19
The 48 Laws of Power by Robert Greene,Books,Amazon,533.16,650.0,18.0,4.5,In Stock,https://www.amazon.in/search?q=The+48+Laws+of+Power+by+Robert+Greene,2026-09-18
The 48 Laws of Power by Robert Greene,Books,Flipkart,525.05,650.0,19.2,4.8,Limited Stock,https://www.flipkart.com/search?q=The+48+Laws+of+Power+by+Robert+Greene,2026-09-16
The 48 Laws of Power by Robert Greene,Books,Bookswagon,575.47,650.0,11.5,4.7,In Stock,https://www.bookswagon.com/search?q=The+48+Laws+of+Power+by+Robert+Greene,2026-09-18
The 48 Laws of Power by Robert Greene,Books,Crossword,562.32,650.0,13.5,4.1,In Stock,https://www.crossword.in/search?q=The+48+Laws+of+Power+by+Robert+Greene,2026-09-24
The 48 Laws of Power by Robert Greene,Books,SapnaOnline,516.73,650.0,20.5,4.5,In Stock,https://www.sapnaonline.com/search?q=The+48+Laws+of+Power+by+Robert+Greene,2026-09-19
The Art of War by Sun Tzu,Books,Amazon,174.66,199.0,12.2,4.9,In Stock,https://www.amazon.in/search?q=The+Art+of+War+by+Sun+Tzu,2026-09-15
The Art of War by Sun Tzu,Books,Flipkart,185.01,199.0,7.0,4.3,In Stock,https://www.flipkart.com/search?q=The+Art+of+War+by+Sun+Tzu,2026-09-17
The Art of War by Sun Tzu,Books,Bookswagon,184.5,199.0,7.3,3.9,In Stock,https://www.bookswagon.com/search?q=The+Art+of+War+by+Sun+Tzu,2026-09-21
The Art of War by Sun Tzu,Books,Crossword,185.47,199.0,6.8,4.8,In Stock,https://www.crossword.in/search?q=The+Art+of+War+by+Sun+Tzu,2026-09-17
The Art of War by Sun Tzu,Books,SapnaOnline,171.12,199.0,14.0,4.4,Limited Stock,https://www.sapnaonline.com/search?q=The+Art+of+War+by+Sun+Tzu,2026-09-17
Clear Thinking by Shane Parrish,Books,Amazon,535.89,599.0,10.5,3.9,In Stock,https://www.amazon.in/search?q=Clear+Thinking+by+Shane+Parrish,2026-09-16
Clear Thinking by Shane Parrish,Books,Flipkart,529.08,599.0,11.7,4.4,In Stock,https://www.flipkart.com/search?q=Clear+Thinking+by+Shane+Parrish,2026-09-25
Clear Thinking by Shane Parrish,Books,Bookswagon,531.31,599.0,11.3,4.0,In Stock,https://www.bookswagon.com/search?q=Clear+Thinking+by+Shane+Parrish,2026-09-19
Clear Thinking by Shane Parrish,Books,Crossword,526.81,599.0,12.1,4.6,In Stock,https://www.crossword.in/search?q=Clear+Thinking+by+Shane+Parrish,2026-09-14
Clear Thinking by Shane Parrish,Books,SapnaOnline,502.08,599.0,16.2,4.5,In Stock,https://www.sapnaonline.com/search?q=Clear+Thinking+by+Shane+Parrish,2026-09-11
Four Thousand Weeks: Time Management for Mortals by Oliver Burkeman,Books,Amazon,451.09,499.0,9.6,4.0,In Stock,https://www.amazon.in/search?q=Four+Thousand+Weeks:+Time+Management+for+Mortals+by+Oliver+Burkeman,2026-09-16
Four Thousand Weeks: Time Management for Mortals by Oliver Burkeman,Books,Flipkart,422.83,499.0,15.3,4.3,In Stock,https://www.flipkart.com/search?q=Four+Thousand+Weeks:+Time+Management+for+Mortals+by+Oliver+Burkeman,2026-09-19
Four Thousand Weeks: Time Management for Mortals by Oliver Burkeman,Books,Bookswagon,479.04,499.0,4.0,4.3,In Stock,https://www.bookswagon.com/search?q=Four+Thousand+Weeks:+Time+Management+for+Mortals+by+Oliver+Burkeman,2026-09-12
Four Thousand Weeks: Time Management for Mortals by Oliver Burkeman,Books,Crossword,390.85,499.0,21.7,4.6,In Stock,https://www.crossword.in/search?q=Four+Thousand+Weeks:+Time+Management+for+Mortals+by+Oliver+Burkeman,2026-09-12
Four Thousand Weeks: Time Management for Mortals by Oliver Burkeman,Books,SapnaOnline,436.2,499.0,12.6,4.5,In Stock,https://www.sapnaonline.com/search?q=Four+Thousand+Weeks:+Time+Management+for+Mortals+by+Oliver+Burkeman,2026-09-19
The Song of Achilles by Madeline Miller,Books,Amazon,462.69,499.0,7.3,3.9,In Stock,https://www.amazon.in/search?q=The+Song+of+Achilles+by+Madeline+Miller,2026-09-12
The Song of Achilles by Madeline Miller,Books,Flipkart,399.25,499.0,20.0,4.7,In Stock,https://www.flipkart.com/search?q=The+Song+of+Achilles+by+Madeline+Miller,2026-09-15
The Song of Achilles by Madeline Miller,Books,Bookswagon,479.04,499.0,4.0,4.7,In Stock,https://www.bookswagon.com/search?q=The+Song+of+Achilles+by+Madeline+Miller,2026-09-17
The Song of Achilles by Madeline Miller,Books,Crossword,446.74,499.0,10.5,4.3,In Stock,https://www.crossword.in/search?q=The+Song+of+Achilles+by+Madeline+Miller,2026-09-25
The Song of Achilles by Madeline Miller,Books,SapnaOnline,403.54,499.0,19.1,4.6,In Stock,https://www.sapnaonline.com/search?q=The+Song+of+Achilles+by+Madeline+Miller,2026-09-18
Before the Coffee Gets Cold by Toshikazu Kawaguchi,Books,Amazon,315.0,399.0,21.1,4.4,In Stock,https://www.amazon.in/search?q=Before+the+Coffee+Gets+Cold+by+Toshikazu+Kawaguchi,2026-09-16
Before the Coffee Gets Cold by Toshikazu Kawaguchi,Books,Flipkart,349.2,399.0,12.5,4.2,In Stock,https://www.flipkart.com/search?q=Before+the+Coffee+Gets+Cold+by+Toshikazu+Kawaguchi,2026-09-12
Before the Coffee Gets Cold by Toshikazu Kawaguchi,Books,Bookswagon,316.59,399.0,20.7,4.7,In Stock,https://www.bookswagon.com/search?q=Before+the+Coffee+Gets+Cold+by+Toshikazu+Kawaguchi,2026-09-16
Before the Coffee Gets Cold by Toshikazu Kawaguchi,Books,Crossword,290.73,399.0,27.1,3.8,In Stock,https://www.crossword.in/search?q=Before+the+Coffee+Gets+Cold+by+Toshikazu+Kawaguchi,2026-09-17
Before the Coffee Gets Cold by Toshikazu Kawaguchi,Books,SapnaOnline,336.42,399.0,15.7,4.5,In Stock,https://www.sapnaonline.com/search?q=Before+the+Coffee+Gets+Cold+by+Toshikazu+Kawaguchi,2026-09-18
